dateTime,depth_m,do_mgl,cond_uscm,temp_C,turb_NTU,pH,bgalgae_RFU,chla_RFU,flag_gen,flag_do,flag_cond,flag_temp,flag_turb,flag_pH,flag_bga,flag_chla
2026-05-26T18:29:39Z,6.11,7.74,67.74,10.65,3.29,7.58,0.27,1.66,,,,,,,,
2026-05-26T18:31:13Z,5.39,7.85,67.17,10.788,3.1,7.89,0.29,1.68,,,,,,,,
2026-05-26T18:32:46Z,4.88,8.11,66.86,11.018,3.02,7.97,0.28,1.49,,,,,,,,
2026-05-26T18:34:19Z,4.4,8.25,65.97,11.206,3.09,7.99,0.25,1.45,,,,,,,,
2026-05-26T18:35:52Z,3.88,8.31,66.96,11.45,2.75,8.07,0.23,1.35,,,,,,,,
2026-05-26T18:37:25Z,3.41,8.38,67.01,11.62,2.73,8.12,0.25,1.24,,,,,,,,
2026-05-26T18:38:58Z,2.93,8.43,66.86,12.247,2.75,8.2,0.23,0.84,,,,,,,,
2026-05-26T18:40:31Z,2.41,8.47,67.18,12.351,2.99,8.27,0.29,1.4,,,,,,,,
2026-05-26T18:42:04Z,1.91,8.55,66.88,12.477,3.04,8.28,0.36,1.49,,,,,,,,
2026-05-26T18:43:37Z,1.4,8.49,66.91,12.715,3.2,8.27,0.42,1.8,,,,,,,,
2026-05-26T18:45:10Z,0.93,8.47,67.46,12.881,3.48,8.24,0.46,7.22,,,,,,,,
2026-05-26T19:01:55Z,6.1,7.8,67.62,10.717,3.2,7.62,0.31,1.84,,,,,,,,
2026-05-26T19:03:28Z,5.4,7.92,67.3,10.786,3.21,7.77,0.33,1.62,,,,,,,,
2026-05-26T19:05:00Z,4.9,8.11,66.94,10.963,3.02,7.83,0.28,1.56,,,,,,,,
2026-05-26T19:06:32Z,4.41,8.28,66.44,11.187,3.01,7.93,0.28,1.44,,,,,,,,
2026-05-26T19:08:04Z,3.9,8.33,67.05,11.477,2.71,8.03,0.25,1.3,,,,,,,,
2026-05-26T19:09:36Z,3.43,8.44,66.98,11.874,2.78,8.11,0.27,1.26,,,,,,,,
2026-05-26T19:11:08Z,2.9,8.5,66.87,12.245,2.76,8.23,0.24,2.14,,,,,,,,
2026-05-26T19:12:40Z,2.42,8.55,66.87,12.374,2.96,8.27,0.27,1.69,,,,,,,,
2026-05-26T19:14:12Z,1.9,8.45,66.78,12.791,2.89,8.22,0.32,3.95,,,,,,,,
2026-05-26T19:15:44Z,1.41,8.41,66.78,13.123,2.56,8.18,0.19,0.82,,,,,,,,
2026-05-26T19:17:16Z,0.93,8.34,66.75,13.287,2.49,8.15,0.2,0.87,,,,,,,,
2026-05-26T23:02:03Z,6.12,7.77,67.44,10.76,3.26,7.48,0.34,1.94,,,,,,,,
2026-05-26T23:03:37Z,5.42,8,67.33,10.872,3.16,7.74,0.31,1.89,,,,,,,,
2026-05-26T23:05:09Z,4.91,8.16,67.34,10.992,2.84,7.81,0.28,1.58,,,,,,,,
2026-05-26T23:06:41Z,4.43,8.27,66.96,11.199,2.87,7.89,0.29,1.61,,,,,,,,
2026-05-26T23:08:14Z,3.9,8.33,67.08,11.476,2.79,7.94,0.28,1.61,,,,,,,,
2026-05-26T23:09:46Z,3.42,8.23,66.83,12.099,2.78,8.01,0.27,1.45,,,,,,,,
2026-05-26T23:11:18Z,2.92,8.5,66.73,12.287,2.71,8.23,0.22,1.09,,,,,,,,
2026-05-26T23:12:50Z,2.44,8.62,66.36,13.195,2.7,8.55,0.26,0.95,,,,,,,,
2026-05-26T23:14:22Z,1.95,8.43,66.85,13.672,2.5,8.26,0.23,1.08,,,,,,,,
2026-05-26T23:15:55Z,1.42,8.4,66.83,13.701,2.56,8.25,0.21,1.01,,,,,,,,
2026-05-26T23:17:27Z,0.92,8.38,66.78,13.716,2.49,8.25,0.21,0.74,,,,,,,,
2026-05-27T03:02:05Z,6.07,8.2,68.06,11.141,2.83,7.87,0.27,1.22,,,,,,,,
2026-05-27T03:03:38Z,5.44,8.21,68.12,11.113,2.79,7.78,0.28,1.67,,,,,,,,
2026-05-27T03:05:11Z,4.92,8.29,68.04,11.224,2.73,7.83,0.27,1.45,,,,,,,,
2026-05-27T03:06:43Z,4.46,8.27,67.94,11.28,2.9,7.85,0.29,1.54,,,,,,,,
2026-05-27T03:08:16Z,3.95,8.3,67.64,11.523,2.76,7.9,0.27,1.42,,,,,,,,
2026-05-27T03:09:49Z,3.45,8.42,67.31,11.99,2.8,8.03,0.27,1.36,,,,,,,,
2026-05-27T03:11:22Z,2.96,8.46,67.18,12.534,2.7,8.17,0.26,1.26,,,,,,,,
2026-05-27T03:12:55Z,2.46,8.47,66.83,12.823,2.68,8.21,0.3,1.69,,,,,,,,
2026-05-27T03:14:28Z,1.96,8.46,66.73,13.196,2.71,8.28,0.28,1.37,,,,,,,,
2026-05-27T03:16:01Z,1.47,8.55,66.69,13.318,2.58,8.34,0.23,0.98,,,,,,,,
2026-05-27T03:17:34Z,0.96,8.52,66.71,13.332,2.58,8.35,0.25,1.17,,,,,,,,
2026-05-27T07:02:07Z,6.04,8.02,68.14,10.833,3.09,7.78,0.31,1.78,,,,,,,,
2026-05-27T07:03:40Z,5.46,8.05,68.25,10.826,3.01,7.74,0.29,1.76,,,,,,,,
2026-05-27T07:05:13Z,4.97,8.03,68.26,10.836,3,7.74,0.31,1.82,,,,,,,,
2026-05-27T07:06:46Z,4.46,8.12,67.9,10.983,2.92,7.77,0.29,1.42,,,,,,,,
2026-05-27T07:08:19Z,3.97,8.27,67.98,11.379,2.78,7.88,0.25,1.13,,,,,,,,
2026-05-27T07:09:52Z,3.48,8.34,67.3,12.078,2.73,8.05,0.26,1.11,,,,,,,,
2026-05-27T07:11:25Z,2.96,8.44,66.97,12.738,2.76,8.22,0.24,1.41,,,,,,,,
2026-05-27T07:12:58Z,2.48,8.41,66.88,12.957,2.66,8.25,0.26,0.97,,,,,,,,
2026-05-27T07:14:31Z,1.97,8.45,66.62,13.13,2.77,8.29,0.26,5.24,,,,,,,,
2026-05-27T07:16:04Z,1.45,8.42,66.58,13.123,2.76,8.3,0.27,1.53,,,,,,,,
2026-05-27T07:17:37Z,0.99,8.44,66.59,13.105,2.77,8.3,0.26,3.02,,,,,,,,
2026-05-27T11:02:07Z,6.02,8.07,68,10.97,2.83,7.82,0.26,1.29,,,,,,,,
2026-05-27T11:03:40Z,5.46,8.15,68.05,11.089,2.88,7.81,0.28,1.36,,,,,,,,
2026-05-27T11:05:13Z,4.96,8.21,68.09,11.164,2.87,7.87,0.26,1.25,,,,,,,,
2026-05-27T11:06:46Z,4.48,8.25,67.74,11.397,2.9,7.92,0.26,1.32,,,,,,,,
2026-05-27T11:08:19Z,3.97,8.35,67.14,12.293,2.7,8.14,0.24,1.28,,,,,,,,
2026-05-27T11:09:52Z,3.49,8.41,67.04,12.393,2.71,8.19,0.23,1.15,,,,,,,,
2026-05-27T11:11:25Z,2.99,8.35,66.77,12.634,2.88,8.22,0.3,2.07,,,,,,,,
2026-05-27T11:12:58Z,2.49,8.35,66.74,12.667,2.81,8.22,0.29,5.66,,,,,,,,
2026-05-27T11:14:31Z,2,8.34,66.72,12.675,2.8,8.22,0.28,1.95,,,,,,,,
2026-05-27T11:16:04Z,1.48,8.32,66.72,12.676,2.89,8.21,0.27,1.73,,,,,,,,
2026-05-27T11:17:37Z,0.99,8.35,66.73,12.676,2.79,8.22,0.26,1.02,,,,,,,,
2026-05-27T15:02:05Z,6.07,8.08,67.74,10.994,3.03,7.82,0.24,1.35,,,,,,,,
2026-05-27T15:03:38Z,5.46,8.13,67.85,10.926,3.15,7.78,0.29,1.47,,,,,,,,
2026-05-27T15:05:11Z,4.94,8.11,67.81,10.967,3.01,7.81,0.27,1.47,,,,,,,,
2026-05-27T15:06:43Z,4.47,8.24,67.7,11.325,2.95,7.89,0.26,1.38,,,,,,,,
2026-05-27T15:08:16Z,3.95,8.41,66.83,12.152,2.83,8.12,0.24,1.09,,,,,,,,
2026-05-27T15:09:49Z,3.47,8.3,66.33,12.394,2.79,8.2,0.25,1.14,,,,,,,,
2026-05-27T15:11:22Z,2.96,8.34,66.31,12.41,2.79,8.21,0.24,1.18,,,,,,,,
2026-05-27T15:12:55Z,2.45,8.33,66.33,12.423,2.85,8.22,0.23,4.53,,,,,,,,
2026-05-27T15:14:28Z,1.96,8.36,66.36,12.432,2.84,8.23,0.27,1.16,,,,,,,,
2026-05-27T15:16:01Z,1.45,8.37,66.37,12.435,2.82,8.23,0.26,1.22,,,,,,,,
2026-05-27T15:17:34Z,0.96,8.37,66.38,12.44,2.78,8.23,0.26,1.74,,,,,,,,
2026-05-27T19:02:02Z,6.14,8.01,67.87,10.828,3.06,7.79,0.25,1.59,,,,,,,,
2026-05-27T19:03:36Z,5.41,8.05,67.99,10.793,3.06,7.76,0.26,1.49,,,,,,,,
2026-05-27T19:05:08Z,4.92,8.07,67.98,10.839,2.96,7.75,0.27,1.39,,,,,,,,
2026-05-27T19:06:40Z,4.42,8.13,68.3,11.013,2.84,7.79,0.27,1.32,,,,,,,,
2026-05-27T19:08:12Z,3.91,8.28,67.01,11.877,2.78,8,0.25,1.24,,,,,,,,
2026-05-27T19:09:44Z,3.42,8.37,66.7,12.572,2.77,8.23,0.29,0.99,,,,,,,,
2026-05-27T19:11:16Z,2.9,8.34,66.69,12.782,2.9,8.23,0.35,1.35,,,,,,,,
2026-05-27T19:12:48Z,2.41,8.34,66.5,13.186,2.67,8.27,0.22,1.49,,,,,,,,
2026-05-27T19:14:20Z,1.92,8.31,66.52,13.235,2.79,8.27,0.26,0.98,,,,,,,,
2026-05-27T19:15:52Z,1.41,8.34,66.56,13.275,2.66,8.27,0.24,0.99,,,,,,,,
2026-05-27T19:17:24Z,0.92,8.31,66.59,13.302,2.64,8.27,0.26,0.91,,,,,,,,
2026-05-27T23:02:03Z,6.12,8,67.95,10.816,2.98,7.77,0.28,1.53,,,,,,,,
2026-05-27T23:03:36Z,5.42,8.06,67.8,10.9,2.96,7.7,0.31,1.61,,,,,,,,
2026-05-27T23:05:08Z,4.88,8.07,67.73,10.972,2.98,7.76,0.29,1.74,,,,,,,,
2026-05-27T23:06:40Z,4.4,8.07,67.46,11.197,2.91,7.79,0.29,1.74,,,,,,,,
2026-05-27T23:08:12Z,3.93,8.21,66.61,12.021,2.83,8.03,0.31,1.8,,,,,,,,
2026-05-27T23:09:44Z,3.44,8.28,66.55,12.153,2.86,8.11,0.29,1.44,,,,,,,,
2026-05-27T23:11:17Z,2.9,8.33,66.57,12.411,2.79,8.2,0.27,1.4,,,,,,,,
2026-05-27T23:12:49Z,2.44,8.4,66.51,12.597,2.76,8.28,0.25,1.61,,,,,,,,
2026-05-27T23:14:21Z,1.94,8.42,66.57,12.888,2.73,8.35,0.26,1.1,,,,,,,,
2026-05-27T23:15:53Z,1.43,8.43,66.62,13.128,2.72,8.35,0.27,1,,,,,,,,
2026-05-27T23:17:25Z,0.92,8.44,66.63,13.23,2.82,8.36,0.26,1.34,,,,,,,,
2026-05-28T03:02:05Z,6.11,7.96,67.91,10.809,3.18,7.78,0.31,1.75,,,,,,,,
2026-05-28T03:03:38Z,5.44,8,67.93,10.801,3.07,7.74,0.3,1.65,,,,,,,,
2026-05-28T03:05:10Z,4.93,8.03,67.9,10.862,3.09,7.71,0.3,1.69,,,,,,,,
2026-05-28T03:06:43Z,4.44,8.23,65.81,11.204,3.27,7.81,0.28,1.45,,,,,,,,
2026-05-28T03:08:15Z,3.94,8.2,66.69,12.171,2.85,8.02,0.29,1.42,,,,,,,,
2026-05-28T03:09:48Z,3.44,8.4,66.48,12.6,2.81,8.29,0.23,1.3,,,,,,,,
2026-05-28T03:11:21Z,2.96,8.45,66.66,12.885,2.67,8.35,0.26,1.27,,,,,,,,
2026-05-28T03:12:54Z,2.43,8.46,66.77,13.092,2.79,8.39,0.27,1.66,,,,,,,,
2026-05-28T03:14:27Z,1.92,8.49,66.79,13.261,2.7,8.41,0.3,3.48,,,,,,,,
2026-05-28T03:15:59Z,1.44,8.45,66.79,13.279,2.8,8.42,0.32,2.76,,,,,,,,
2026-05-28T03:17:32Z,0.96,8.48,66.79,13.28,2.67,8.41,0.33,3.02,,,,,,,,
2026-05-28T07:02:06Z,6.04,7.96,67.63,10.921,3.22,7.79,0.33,1.87,,,,,,,,
2026-05-28T07:03:39Z,5.47,8,67.63,10.96,3.18,7.72,0.32,1.73,,,,,,,,
2026-05-28T07:05:12Z,4.95,8.13,67.4,11.283,3.08,7.78,0.34,1.72,,,,,,,,
2026-05-28T07:06:45Z,4.48,8.21,66.81,12.067,2.72,8,0.3,1.56,,,,,,,,
2026-05-28T07:08:18Z,3.96,8.2,66.62,12.328,2.76,8.09,0.3,1.58,,,,,,,,
2026-05-28T07:09:51Z,3.47,8.25,66.61,12.429,2.7,8.16,0.31,1.41,,,,,,,,
2026-05-28T07:11:24Z,2.96,8.28,66.73,12.486,2.66,8.19,0.28,1.2,,,,,,,,
2026-05-28T07:12:57Z,2.47,8.32,66.68,12.675,2.68,8.26,0.29,1.34,,,,,,,,
2026-05-28T07:14:30Z,1.96,8.32,66.79,12.817,2.75,8.26,0.3,1.55,,,,,,,,
2026-05-28T07:16:03Z,1.46,8.34,66.74,12.962,2.67,8.3,0.38,1.48,,,,,,,,
2026-05-28T07:17:36Z,0.98,8.36,66.71,12.979,2.73,8.31,0.29,1.24,,,,,,,,
2026-05-28T11:02:07Z,6.02,7.92,68.04,10.85,3.11,7.77,0.33,1.81,,,,,,,,
2026-05-28T11:03:40Z,5.46,7.94,67.87,10.914,3.21,7.7,0.3,1.66,,,,,,,,
2026-05-28T11:05:13Z,4.97,8.02,67.3,11.144,3.05,7.74,0.3,1.58,,,,,,,,
2026-05-28T11:06:46Z,4.47,8.1,66.28,11.614,2.99,7.86,0.29,1.48,,,,,,,,
2026-05-28T11:08:19Z,3.97,8.19,66.77,12.432,2.78,8.12,0.27,1.24,,,,,,,,
2026-05-28T11:09:52Z,3.47,8.21,66.68,12.503,2.73,8.15,0.27,1.37,,,,,,,,
2026-05-28T11:11:25Z,2.97,8.29,66.62,12.784,2.6,8.27,0.27,1.47,,,,,,,,
2026-05-28T11:12:58Z,2.47,8.3,66.58,12.796,2.63,8.28,0.3,2.44,,,,,,,,
2026-05-28T11:14:31Z,1.98,8.31,66.58,12.808,2.65,8.3,0.27,1.1,,,,,,,,
2026-05-28T11:16:04Z,1.49,8.32,66.56,12.811,2.82,8.3,0.29,1.1,,,,,,,,
2026-05-28T11:17:37Z,1,8.33,66.56,12.809,2.64,8.3,0.24,1.26,,,,,,,,
2026-05-28T15:02:04Z,6.11,7.9,67.57,10.988,3.25,7.74,0.33,1.78,,,,,,,,
2026-05-28T15:03:38Z,5.43,7.9,67.8,10.878,3.04,7.68,0.33,1.71,,,,,,,,
2026-05-28T15:05:10Z,4.92,7.97,66.19,10.996,3.29,7.68,0.32,1.57,,,,,,,,
2026-05-28T15:06:42Z,4.44,8.16,63.33,11.599,3.53,7.89,0.27,1.42,,,,,,,,
2026-05-28T15:08:14Z,3.94,8.27,64.97,12.032,3.09,8.05,0.29,1.53,,,,,,,,
2026-05-28T15:09:47Z,3.42,8.29,66.1,12.598,2.96,8.24,0.3,1.77,,,,,,,,
2026-05-28T15:11:19Z,2.94,8.29,66.03,12.639,2.74,8.25,0.26,7.98,,,,,,,,
2026-05-28T15:12:52Z,2.44,8.3,66.04,12.661,2.76,8.27,0.29,0.99,,,,,,,,
2026-05-28T15:14:25Z,1.93,8.3,66.06,12.676,2.86,8.28,0.3,1.01,,,,,,,,
2026-05-28T15:15:57Z,1.44,8.31,66.09,12.683,2.85,8.29,0.28,1.01,,,,,,,,
2026-05-28T15:17:29Z,0.96,8.31,66.07,12.698,2.8,8.29,0.24,2.86,,,,,,,,
2026-05-28T19:02:02Z,6.14,7.68,67.77,10.864,3.27,7.69,0.29,1.73,,,,,,,,
2026-05-28T19:03:36Z,5.4,7.86,67.68,10.803,3.17,7.65,0.27,1.53,,,,,,,,
2026-05-28T19:05:08Z,4.88,7.96,67.91,10.912,3.03,7.66,0.26,1.53,,,,,,,,
2026-05-28T19:06:40Z,4.42,8.06,67.14,11.105,3.2,7.71,0.28,1.49,,,,,,,,
2026-05-28T19:08:12Z,3.9,8.17,65.04,11.712,3.21,7.85,0.27,1.46,,,,,,,,
2026-05-28T19:09:44Z,3.41,8.35,66.39,12.406,2.68,8.18,0.25,1.19,,,,,,,,
2026-05-28T19:11:16Z,2.9,8.42,66.28,12.677,2.7,8.34,0.26,1.14,,,,,,,,
2026-05-28T19:12:48Z,2.43,8.43,66.36,12.76,2.86,8.37,0.22,1.12,,,,,,,,
2026-05-28T19:14:20Z,1.9,8.41,66.33,13.334,2.92,8.38,0.22,1.36,,,,,,,,
2026-05-28T19:15:52Z,1.41,8.4,66.43,13.703,2.78,8.36,0.23,1,,,,,,,,
2026-05-28T19:17:24Z,0.91,8.39,66.34,13.796,2.67,8.36,0.19,0.78,,,,,,,,
2026-05-28T23:01:58Z,6.07,7.73,67.97,10.841,3.21,7.7,0.31,1.86,,,,,,,,
2026-05-28T23:03:31Z,5.4,7.86,68.1,10.845,3.18,7.64,0.31,1.74,,,,,,,,
2026-05-28T23:05:03Z,4.88,7.95,67.56,10.977,3.09,7.68,0.33,1.7,,,,,,,,
2026-05-28T23:06:35Z,4.4,8.09,66.29,11.19,3.18,7.76,0.3,1.58,,,,,,,,
2026-05-28T23:08:07Z,3.91,8.2,64.9,11.769,3.23,7.91,0.29,1.45,,,,,,,,
2026-05-28T23:09:39Z,3.39,8.37,66.26,12.604,2.76,8.28,0.27,1.27,,,,,,,,
2026-05-28T23:11:11Z,2.89,8.44,66.32,12.711,2.74,8.36,0.26,1.14,,,,,,,,
2026-05-28T23:12:43Z,2.4,8.5,66.31,12.84,2.67,8.44,0.25,1.02,,,,,,,,
2026-05-28T23:14:15Z,1.93,8.57,66.36,13.038,2.69,8.48,0.28,1.02,,,,,,,,
2026-05-28T23:15:47Z,1.41,8.53,66.29,13.882,2.73,8.47,0.26,0.91,,,,,,,,
2026-05-28T23:17:19Z,0.9,8.52,66.41,14.153,2.81,8.46,0.31,1.03,,,,,,,,
2026-05-29T03:01:59Z,6.09,7.69,68.02,10.78,3.51,7.7,0.39,2.3,,,,,,,,
2026-05-29T03:03:32Z,5.43,7.87,67.9,10.937,3.19,7.66,0.35,2.09,,,,,,,,
2026-05-29T03:05:04Z,4.93,7.99,67.68,11.167,3.12,7.69,0.32,1.88,,,,,,,,
2026-05-29T03:06:36Z,4.42,8.21,66.89,11.912,2.89,7.94,0.34,1.97,,,,,,,,
2026-05-29T03:08:08Z,3.92,8.4,66.05,12.39,2.91,8.19,0.29,1.39,,,,,,,,
2026-05-29T03:09:40Z,3.42,8.42,66.28,12.687,2.68,8.32,0.26,1.24,,,,,,,,
2026-05-29T03:11:12Z,2.93,8.49,66.38,12.761,2.78,8.41,0.24,1.18,,,,,,,,
2026-05-29T03:12:44Z,2.43,8.53,66.41,12.9,2.58,8.45,0.23,1.1,,,,,,,,
2026-05-29T03:14:16Z,1.92,8.63,66.51,13.17,2.61,8.52,0.25,1.09,,,,,,,,
2026-05-29T03:15:49Z,1.43,8.57,66.42,14.027,2.89,8.52,0.3,1.85,,,,,,,,
2026-05-29T03:17:22Z,0.93,8.48,66.44,14.39,2.63,8.49,0.23,1.08,,,,,,,,
2026-05-29T07:02:02Z,6.02,7.74,67.83,10.954,3.27,7.69,0.34,1.97,,,,,,,,
2026-05-29T07:03:35Z,5.46,7.84,67.59,11.088,3.21,7.68,0.34,1.89,,,,,,,,
2026-05-29T07:05:08Z,4.97,7.95,67.34,11.241,3.22,7.73,0.36,1.94,,,,,,,,
2026-05-29T07:06:41Z,4.47,8.02,67.07,11.455,3,7.8,0.32,1.73,,,,,,,,
2026-05-29T07:08:14Z,3.96,8.34,66.66,12.246,2.92,8.15,0.29,1.51,,,,,,,,
2026-05-29T07:09:47Z,3.47,8.55,66.3,12.64,2.83,8.43,0.28,1.27,,,,,,,,
2026-05-29T07:11:20Z,2.96,8.53,66.43,13.377,2.72,8.52,0.24,1.07,,,,,,,,
2026-05-29T07:12:53Z,2.47,8.47,66.4,13.494,2.64,8.49,0.26,1.05,,,,,,,,
2026-05-29T07:14:26Z,1.95,8.43,66.5,13.758,2.63,8.45,0.24,1.13,,,,,,,,
2026-05-29T07:15:59Z,1.46,8.41,66.43,13.823,2.65,8.44,0.25,1.17,,,,,,,,
2026-05-29T07:17:32Z,0.97,8.41,66.49,13.876,2.64,8.43,0.24,0.92,,,,,,,,
2026-05-29T11:02:05Z,6.07,7.88,67.11,11.322,3.14,7.79,0.33,1.94,,,,,,,,
2026-05-29T11:03:38Z,5.47,7.93,67.05,11.285,3.12,7.74,0.35,1.82,,,,,,,,
2026-05-29T11:05:11Z,4.95,8.01,66.53,11.496,2.98,7.78,0.37,1.77,,,,,,,,
2026-05-29T11:06:44Z,4.48,8.23,66.19,12.339,2.82,8.02,0.31,3.87,,,,,,,,
2026-05-29T11:08:17Z,3.96,8.3,66.27,12.542,2.86,8.17,0.28,1.38,,,,,,,,
2026-05-29T11:09:50Z,3.46,8.3,66.27,12.578,2.71,8.19,0.32,4.17,,,,,,,,
2026-05-29T11:11:23Z,2.98,8.33,66.33,12.666,2.79,8.23,0.3,1.99,,,,,,,,
2026-05-29T11:12:56Z,2.48,8.35,66.5,12.951,2.64,8.3,0.32,1.58,,,,,,,,
2026-05-29T11:14:29Z,1.98,8.39,66.41,13.207,2.71,8.39,0.28,0.98,,,,,,,,
2026-05-29T11:16:02Z,1.47,8.39,66.39,13.257,2.59,8.4,0.27,1.11,,,,,,,,
2026-05-29T11:17:35Z,0.98,8.39,66.38,13.289,2.59,8.41,0.28,1.01,,,,,,,,
2026-05-29T15:02:01Z,6.04,7.66,67.07,11.189,3.13,7.72,0.34,1.96,,,,,,,,
2026-05-29T15:03:34Z,5.44,7.75,66.95,11.057,3.21,7.62,0.34,1.82,,,,,,,,
2026-05-29T15:05:07Z,4.91,7.91,66.18,11.312,3.25,7.66,0.32,1.85,,,,,,,,
2026-05-29T15:06:39Z,4.46,8.18,65.98,12.225,2.82,7.93,0.35,1.61,,,,,,,,
2026-05-29T15:08:12Z,3.92,8.29,66.42,12.733,2.73,8.16,0.29,1.22,,,,,,,,
2026-05-29T15:09:44Z,3.43,8.32,66.43,12.861,2.77,8.25,0.27,1.56,,,,,,,,
2026-05-29T15:11:17Z,2.92,8.37,66.43,12.991,2.59,8.33,0.29,1.15,,,,,,,,
2026-05-29T15:12:49Z,2.44,8.41,66.41,13.007,2.48,8.36,0.28,1.19,,,,,,,,
2026-05-29T15:14:22Z,1.94,8.4,66.41,13.017,2.59,8.37,0.27,1.07,,,,,,,,
2026-05-29T15:15:54Z,1.45,8.42,66.4,13.056,2.53,8.38,0.27,0.89,,,,,,,,
2026-05-29T15:17:27Z,0.94,8.41,66.41,13.084,2.62,8.37,0.25,1,,,,,,,,
2026-05-29T19:01:58Z,6.06,7.54,67.51,10.892,3.37,7.65,0.34,2.1,,,,,,,,
2026-05-29T19:03:31Z,5.4,7.69,67.19,10.934,3.26,7.61,0.3,1.82,,,,,,,,
2026-05-29T19:05:03Z,4.88,7.84,66.57,11.136,3.23,7.65,0.3,1.74,,,,,,,,
2026-05-29T19:06:35Z,4.41,8.1,66.03,11.754,3,7.85,0.32,1.72,,,,,,,,
2026-05-29T19:08:07Z,3.9,8.02,66.53,12.582,2.91,7.97,0.29,1.23,,,,,,,,
2026-05-29T19:09:39Z,3.41,8.44,66.43,12.981,2.67,8.43,0.28,1.23,,,,,,,,
2026-05-29T19:11:11Z,2.92,8.5,66.42,13.076,2.65,8.48,0.27,1.18,,,,,,,,
2026-05-29T19:12:43Z,2.41,8.5,66.43,13.142,2.71,8.48,0.25,1.02,,,,,,,,
2026-05-29T19:14:15Z,1.92,8.49,66.47,13.3,2.66,8.48,0.26,2.41,,,,,,,,
2026-05-29T19:15:47Z,1.39,8.49,66.53,13.499,2.77,8.48,0.22,0.91,,,,,,,,
2026-05-29T19:17:19Z,0.91,8.37,66.71,14.088,2.52,8.39,0.21,0.88,,,,,,,,
2026-05-29T23:01:59Z,6.1,7.61,67.22,10.88,3.38,7.62,0.31,1.83,,,,,,,,
2026-05-29T23:03:32Z,5.41,7.74,66.88,11.057,3.3,7.51,0.3,1.7,,,,,,,,
2026-05-29T23:05:04Z,4.92,7.88,66.45,11.267,3.2,7.54,0.31,1.55,,,,,,,,
2026-05-29T23:06:36Z,4.43,7.91,66.21,11.299,3.22,7.57,0.31,1.59,,,,,,,,
2026-05-29T23:08:08Z,3.92,7.99,66,11.486,3.19,7.63,0.29,1.52,,,,,,,,
2026-05-29T23:09:40Z,3.4,8.2,66.01,11.988,2.97,7.78,0.31,1.42,,,,,,,,
2026-05-29T23:11:12Z,2.91,8.43,66.52,12.975,2.72,8.28,0.25,1.12,,,,,,,,
2026-05-29T23:12:44Z,2.42,8.45,66.5,13.153,2.75,8.32,0.26,1.04,,,,,,,,
2026-05-29T23:14:16Z,1.92,8.44,66.61,13.606,2.73,8.35,0.26,3.41,,,,,,,,
2026-05-29T23:15:48Z,1.41,8.44,66.6,13.705,2.65,8.37,0.25,1.04,,,,,,,,
2026-05-29T23:17:20Z,0.93,8.46,66.63,13.565,2.71,8.38,0.26,1.05,,,,,,,,
2026-05-30T03:02:00Z,6.06,7.91,63.97,11.362,3.69,7.74,0.3,1.73,,,,,,,,
2026-05-30T03:03:33Z,5.44,7.94,63.96,11.42,3.64,7.72,0.3,1.58,,,,,,,,
2026-05-30T03:05:05Z,4.92,7.98,64.01,11.551,3.61,7.74,0.3,1.75,,,,,,,,
2026-05-30T03:06:37Z,4.44,8.23,64.89,12.392,3.15,8.01,0.26,1.34,,,,,,,,
2026-05-30T03:08:09Z,3.94,8.39,66.01,13.263,2.79,8.34,0.27,1.22,,,,,,,,
2026-05-30T03:09:41Z,3.44,8.39,66.09,13.466,2.76,8.38,0.29,1.42,,,,,,,,
2026-05-30T03:11:14Z,2.91,8.41,66.32,13.664,2.79,8.42,0.32,1.4,,,,,,,,
2026-05-30T03:12:46Z,2.44,8.42,66.44,13.793,2.69,8.45,0.3,1.12,,,,,,,,
2026-05-30T03:14:19Z,1.94,8.43,66.45,13.8,2.72,8.46,0.29,1.33,,,,,,,,
2026-05-30T03:15:52Z,1.44,8.44,66.51,13.808,2.72,8.47,0.29,2.07,,,,,,,,
2026-05-30T03:17:25Z,0.96,8.44,66.5,13.803,2.63,8.47,0.28,1.9,,,,,,,,
2026-05-30T07:02:06Z,6.1,7.65,64.62,11.168,3.57,7.66,0.36,2.08,,,,,,,,
2026-05-30T07:03:39Z,5.49,7.89,64.03,11.412,3.51,7.7,0.36,1.83,,,,,,,,
2026-05-30T07:05:12Z,4.98,7.94,64.04,11.495,3.41,7.73,0.34,1.72,,,,,,,,
2026-05-30T07:06:45Z,4.47,8.18,65.16,11.845,3.28,7.9,0.32,1.66,,,,,,,,
2026-05-30T07:08:18Z,3.96,8.27,65.14,12.213,3.17,8.02,0.28,1.43,,,,,,,,
2026-05-30T07:09:51Z,3.48,8.4,65.8,13.058,2.99,8.3,0.27,1.26,,,,,,,,
2026-05-30T07:11:24Z,2.96,8.35,66.61,13.682,2.68,8.41,0.31,1.17,,,,,,,,
2026-05-30T07:12:57Z,2.48,8.35,66.51,13.754,2.7,8.42,0.28,1.44,,,,,,,,
2026-05-30T07:14:30Z,1.98,8.36,66.53,13.752,2.83,8.43,0.29,1.22,,,,,,,,
2026-05-30T07:16:03Z,1.46,8.35,66.49,13.772,2.79,8.41,0.31,1.14,,,,,,,,
2026-05-30T07:17:36Z,0.98,8.34,66.5,13.779,2.65,8.41,0.34,5.56,,,,,,,,
2026-05-30T11:02:06Z,6.07,7.66,65.14,11.342,3.67,7.66,0.37,2.27,,,,,,,,
2026-05-30T11:03:40Z,5.48,7.7,65.64,11.374,3.36,7.64,0.35,1.86,,,,,,,,
2026-05-30T11:05:13Z,4.96,7.83,65.38,11.531,3.35,7.69,0.31,1.85,,,,,,,,
2026-05-30T11:06:46Z,4.49,8.15,65.62,11.97,3.19,7.9,0.35,1.68,,,,,,,,
2026-05-30T11:08:19Z,3.98,8.05,65.56,12.159,3.25,7.88,0.3,1.51,,,,,,,,
2026-05-30T11:09:52Z,3.46,8.09,65.23,12.369,3.26,7.91,0.3,1.59,,,,,,,,
2026-05-30T11:11:25Z,2.96,8.22,66.56,13.523,2.83,8.31,0.34,1.33,,,,,,,,
2026-05-30T11:12:58Z,2.47,8.21,66.46,13.613,2.71,8.33,0.33,1.31,,,,,,,,
2026-05-30T11:14:31Z,1.99,8.24,66.39,13.634,2.69,8.33,0.3,0.88,,,,,,,,
2026-05-30T11:16:04Z,1.48,8.23,66.37,13.638,2.78,8.33,0.3,1.07,,,,,,,,
2026-05-30T11:17:37Z,0.98,8.24,66.36,13.642,2.7,8.33,0.31,1.11,,,,,,,,
2026-05-30T15:02:01Z,6.02,7.67,66.08,11.506,3.59,7.71,0.41,2.31,,,,,,,,
2026-05-30T15:03:34Z,5.46,7.67,66.45,11.488,3.33,7.66,0.41,2.3,,,,,,,,
2026-05-30T15:05:07Z,4.94,7.71,66.63,11.557,3.28,7.66,0.34,1.72,,,,,,,,
2026-05-30T15:06:39Z,4.45,7.77,66.68,11.736,3.17,7.69,0.29,1.71,,,,,,,,
2026-05-30T15:08:12Z,3.94,7.99,66.3,12.689,3.06,7.94,0.33,1.36,,,,,,,,
2026-05-30T15:09:44Z,3.45,8.14,66.4,13.432,2.79,8.24,0.3,1.54,,,,,,,,
2026-05-30T15:11:17Z,2.94,8.17,66.35,13.465,2.82,8.28,0.31,1.13,,,,,,,,
2026-05-30T15:12:50Z,2.46,8.17,66.33,13.474,2.89,8.29,0.3,1.14,,,,,,,,
2026-05-30T15:14:23Z,1.95,8.2,66.33,13.477,2.73,8.29,0.28,1.71,,,,,,,,
2026-05-30T15:15:56Z,1.44,8.2,66.34,13.48,2.82,8.29,0.28,4.66,,,,,,,,
2026-05-30T15:17:29Z,0.97,8.21,66.35,13.46,2.74,8.3,0.25,1.24,,,,,,,,
2026-05-30T19:01:58Z,6.06,7.6,66.5,11.54,3.41,7.7,0.37,2.22,,,,,,,,
2026-05-30T19:03:31Z,5.38,7.7,67.06,11.609,3.19,7.66,0.36,2.01,,,,,,,,
2026-05-30T19:05:03Z,4.91,7.73,67.04,11.661,3.12,7.67,0.35,1.86,,,,,,,,
2026-05-30T19:06:35Z,4.43,8.14,66.48,13.258,2.69,8.21,0.29,1.28,,,,,,,,
2026-05-30T19:08:07Z,3.88,8.29,66.38,13.498,2.7,8.38,0.29,1.28,,,,,,,,
2026-05-30T19:09:39Z,3.39,8.33,66.34,13.615,2.78,8.42,0.32,1.5,,,,,,,,
2026-05-30T19:11:11Z,2.9,8.3,66.39,13.815,2.7,8.38,0.31,3.37,,,,,,,,
2026-05-30T19:12:43Z,2.42,8.28,66.4,13.907,2.64,8.37,0.29,2.48,,,,,,,,
2026-05-30T19:14:15Z,1.92,8.27,66.41,13.95,2.64,8.37,0.26,0.96,,,,,,,,
2026-05-30T19:15:47Z,1.4,8.25,66.37,14.007,2.54,8.36,0.2,0.89,,,,,,,,
2026-05-30T19:17:19Z,0.93,8.25,66.37,13.994,2.64,8.37,0.25,0.93,,,,,,,,
2026-05-30T23:01:58Z,6.05,7.72,66.96,11.693,3.49,7.71,0.41,2.45,,,,,,,,
2026-05-30T23:03:31Z,5.42,7.72,67.1,11.712,3.41,7.67,0.4,2.28,,,,,,,,
2026-05-30T23:05:03Z,4.9,7.77,67.09,11.758,3.36,7.62,0.42,2.14,,,,,,,,
2026-05-30T23:06:35Z,4.43,7.97,66.73,12.184,3.1,7.8,0.35,1.86,,,,,,,,
2026-05-30T23:08:07Z,3.89,8.29,66.34,14.633,2.53,8.33,0.27,0.96,,,,,,,,
2026-05-30T23:09:39Z,3.4,8.26,66.32,14.74,2.56,8.3,0.24,1.07,,,,,,,,
2026-05-30T23:11:11Z,2.92,8.25,66.37,14.867,2.58,8.3,0.28,0.98,,,,,,,,
2026-05-30T23:12:43Z,2.42,8.25,66.32,14.917,2.55,8.31,0.2,1.5,,,,,,,,
2026-05-30T23:14:15Z,1.94,8.25,66.29,14.946,2.58,8.31,0.24,0.97,,,,,,,,
2026-05-30T23:15:47Z,1.42,8.23,66.29,15.026,2.52,8.31,0.2,0.85,,,,,,,,
2026-05-30T23:17:19Z,0.95,8.23,66.32,15.051,2.49,8.34,0.23,0.94,,,,,,,,
2026-05-31T03:02:03Z,6.16,7.75,66.89,11.987,3.47,7.75,0.45,2.8,,,,,,,,
2026-05-31T03:03:37Z,5.45,7.91,66.73,12.524,3.16,7.72,0.36,1.94,,,,,,,,
2026-05-31T03:05:10Z,4.92,8.2,66.39,14.042,2.8,8.23,0.28,1.42,,,,,,,,
2026-05-31T03:06:42Z,4.43,8.26,66.15,14.157,2.76,8.3,0.32,1.29,,,,,,,,
2026-05-31T03:08:15Z,3.92,8.28,66.06,14.213,2.76,8.32,0.28,1.56,,,,,,,,
2026-05-31T03:09:47Z,3.43,8.28,66.11,14.257,2.77,8.31,0.29,3.05,,,,,,,,
2026-05-31T03:11:19Z,2.94,8.29,66.23,14.298,2.8,8.31,0.26,1.65,,,,,,,,
2026-05-31T03:12:52Z,2.44,8.29,66.27,14.329,2.72,8.31,0.3,1.21,,,,,,,,
2026-05-31T03:14:24Z,1.97,8.29,66.28,14.347,2.84,8.31,0.27,1.25,,,,,,,,
2026-05-31T03:15:57Z,1.45,8.3,66.33,14.478,2.65,8.33,0.27,2.48,,,,,,,,
2026-05-31T03:17:30Z,0.96,8.25,66.51,15.104,2.56,8.34,0.23,1.1,,,,,,,,
2026-05-31T07:02:05Z,6.09,7.73,66.38,12.608,3.27,7.85,0.46,2.67,,,,,,,,
2026-05-31T07:03:39Z,5.47,7.94,66,13.041,3.29,7.96,0.41,5.41,,,,,,,,
2026-05-31T07:05:12Z,4.98,8.06,65.74,13.379,3.04,8.13,0.37,1.44,,,,,,,,
2026-05-31T07:06:45Z,4.47,8.13,65.63,13.552,2.88,8.23,0.34,1.28,,,,,,,,
2026-05-31T07:08:18Z,3.96,8.2,65.4,13.69,2.92,8.32,0.32,2.69,,,,,,,,
2026-05-31T07:09:51Z,3.48,8.22,65.21,13.8,2.92,8.34,0.29,1.59,,,,,,,,
2026-05-31T07:11:24Z,2.96,8.21,65.12,13.843,2.75,8.35,0.28,1.24,,,,,,,,
2026-05-31T07:12:57Z,2.49,8.21,65.17,13.862,2.83,8.35,0.26,1.13,,,,,,,,
2026-05-31T07:14:30Z,2,8.21,65.55,14.047,2.74,8.38,0.31,1.18,,,,,,,,
2026-05-31T07:16:03Z,1.47,8.21,65.45,14.043,2.79,8.38,0.29,1.25,,,,,,,,
2026-05-31T07:17:36Z,0.98,8.22,65.59,14.08,2.74,8.38,0.33,8.81,,,,,,,,
2026-05-31T11:02:07Z,6.1,8.06,66.07,13.273,3.08,8.17,0.4,1.85,,,,,,,,
2026-05-31T11:03:41Z,5.5,8.09,65.97,13.405,2.93,8.23,0.38,1.93,,,,,,,,
2026-05-31T11:05:14Z,4.96,8.11,65.96,13.414,2.96,8.26,0.33,1.83,,,,,,,,
2026-05-31T11:06:47Z,4.5,8.13,65.94,13.422,2.93,8.28,0.32,2.28,,,,,,,,
2026-05-31T11:08:20Z,3.99,8.16,65.85,13.438,2.94,8.3,0.35,1.76,,,,,,,,
2026-05-31T11:09:53Z,3.48,8.16,65.61,13.486,2.99,8.3,0.36,1.37,,,,,,,,
2026-05-31T11:11:26Z,3,8.14,65.21,13.576,2.97,8.28,0.32,1.49,,,,,,,,
2026-05-31T11:12:59Z,2.5,8.12,65.16,13.589,2.89,8.26,0.31,1.71,,,,,,,,
2026-05-31T11:14:32Z,1.99,8.13,65.13,13.587,2.93,8.26,0.31,1.37,,,,,,,,
2026-05-31T11:16:05Z,1.49,8.12,65.14,13.555,2.78,8.26,0.32,1.94,,,,,,,,
2026-05-31T11:17:38Z,1.01,8.14,65.13,13.557,2.81,8.26,0.32,1.9,,,,,,,,
2026-05-31T15:02:01Z,6.01,8.04,64.86,13.321,3.03,8.18,0.33,1.44,,,,,,,,
2026-05-31T15:03:34Z,5.46,8.05,64.54,13.346,2.97,8.18,0.3,1.33,,,,,,,,
2026-05-31T15:05:07Z,4.92,8.05,64.29,13.36,2.92,8.17,0.33,1.14,,,,,,,,
2026-05-31T15:06:39Z,4.45,8.05,64.28,13.366,2.85,8.17,0.34,2.64,,,,,,,,
2026-05-31T15:08:12Z,3.93,8.05,64.24,13.366,2.93,8.17,0.32,1.52,,,,,,,,
2026-05-31T15:09:45Z,3.44,8.06,64.28,13.383,2.9,8.17,0.31,1.51,,,,,,,,
2026-05-31T15:11:18Z,2.95,8.07,64.27,13.378,2.97,8.18,0.37,1.16,,,,,,,,
2026-05-31T15:12:51Z,2.46,8.07,64.26,13.382,2.93,8.18,0.3,1.21,,,,,,,,
2026-05-31T15:14:24Z,1.95,8.08,64.27,13.381,2.89,8.18,0.33,2.49,,,,,,,,
2026-05-31T15:15:56Z,1.46,8.08,64.28,13.389,2.94,8.18,0.29,1.27,,,,,,,,
2026-05-31T15:17:29Z,0.94,8.08,64.29,13.393,2.93,8.18,0.35,1.68,,,,,,,,
2026-05-31T19:01:59Z,6.1,7.88,64.09,13.178,3.44,7.97,0.41,2,,,,,,,,
2026-05-31T19:03:32Z,5.43,7.92,64.5,13.305,3.1,8.02,0.34,1.55,,,,,,,,
2026-05-31T19:05:04Z,4.9,8.05,64.66,13.499,2.88,8.16,0.33,3.55,,,,,,,,
2026-05-31T19:06:36Z,4.41,8.11,64.62,13.529,2.94,8.21,0.33,1.69,,,,,,,,
2026-05-31T19:08:08Z,3.93,8.14,64.58,13.549,2.93,8.23,0.3,1.52,,,,,,,,
2026-05-31T19:09:40Z,3.4,8.15,64.61,13.548,2.98,8.24,0.31,1.51,,,,,,,,
2026-05-31T19:11:12Z,2.92,8.16,64.67,13.582,2.9,8.25,0.3,1.31,,,,,,,,
2026-05-31T19:12:44Z,2.42,8.19,64.79,13.592,2.95,8.28,0.29,1.2,,,,,,,,
2026-05-31T19:14:16Z,1.93,8.19,64.79,13.597,2.85,8.28,0.33,1.45,,,,,,,,
2026-05-31T19:15:48Z,1.44,8.21,64.87,13.592,2.91,8.3,0.3,1.25,,,,,,,,
2026-05-31T19:17:20Z,0.92,8.21,64.99,13.6,2.8,8.31,0.26,0.93,,,,,,,,
2026-05-31T23:01:59Z,6.1,7.76,64.34,13.087,3.37,7.88,0.41,2.56,,,,,,,,
2026-05-31T23:03:32Z,5.41,8.15,64.73,13.55,2.84,8.24,0.32,1.44,,,,,,,,
2026-05-31T23:05:04Z,4.91,8.2,64.67,13.611,2.93,8.31,0.32,1.48,,,,,,,,
2026-05-31T23:06:36Z,4.44,8.24,64.69,13.67,2.93,8.34,0.33,3.68,,,,,,,,
2026-05-31T23:08:08Z,3.9,8.28,64.76,13.803,2.95,8.39,0.34,1.5,,,,,,,,
2026-05-31T23:09:40Z,3.42,8.31,64.75,13.851,2.9,8.41,0.34,1.3,,,,,,,,
2026-05-31T23:11:12Z,2.9,8.28,64.57,13.897,2.76,8.4,0.32,1.34,,,,,,,,
2026-05-31T23:12:44Z,2.43,8.26,64.41,13.953,2.82,8.39,0.32,1.29,,,,,,,,
2026-05-31T23:14:16Z,1.93,8.24,64.31,14.008,2.87,8.38,0.27,1.08,,,,,,,,
2026-05-31T23:15:49Z,1.4,8.26,64.32,13.998,2.85,8.37,0.27,1.27,,,,,,,,
2026-05-31T23:17:21Z,0.94,8.24,64.31,14.039,2.9,8.37,0.26,0.99,,,,,,,,
2026-06-01T03:01:59Z,6.09,7.6,64.86,12.923,3.39,7.82,0.44,2.46,,,,,,,,
2026-06-01T03:03:32Z,5.42,8.08,64.59,13.525,2.99,8.12,0.38,2.05,,,,,,,,
2026-06-01T03:05:04Z,4.92,8.36,64.69,13.787,2.78,8.38,0.35,1.69,,,,,,,,
2026-06-01T03:06:36Z,4.42,8.35,63.37,14.081,2.95,8.39,0.29,1.21,,,,,,,,
2026-06-01T03:08:08Z,3.9,8.32,63.29,14.118,2.85,8.38,0.27,1.45,,,,,,,,
2026-06-01T03:09:40Z,3.43,8.34,63.62,14.147,2.92,8.4,0.29,1.38,,,,,,,,
2026-06-01T03:11:13Z,2.92,8.35,63.48,14.137,2.95,8.39,0.31,1.29,,,,,,,,
2026-06-01T03:12:45Z,2.43,8.36,63.66,14.153,2.94,8.4,0.29,1.23,,,,,,,,
2026-06-01T03:14:17Z,1.94,8.35,63.77,14.161,3.03,8.41,0.28,1.08,,,,,,,,
2026-06-01T03:15:49Z,1.45,8.37,63.71,14.159,3.06,8.41,0.29,1.33,,,,,,,,
2026-06-01T03:17:22Z,0.94,8.37,63.59,14.162,3.1,8.41,0.3,1.46,,,,,,,,
2026-06-01T07:02:02Z,6.04,7.79,64.7,13.266,3.37,7.94,0.43,2.21,,,,,,,,
2026-06-01T07:03:35Z,5.47,8,64.51,13.536,3.09,8.1,0.39,1.64,,,,,,,,
2026-06-01T07:05:08Z,4.97,8.19,63.87,13.787,2.97,8.29,0.33,1.8,,,,,,,,
2026-06-01T07:06:41Z,4.48,8.23,63.59,13.846,3,8.34,0.36,1.54,,,,,,,,
2026-06-01T07:08:14Z,3.96,8.24,63.24,13.866,2.99,8.36,0.36,1.33,,,,,,,,
2026-06-01T07:09:47Z,3.48,8.28,62.82,13.9,2.9,8.39,0.34,2.3,,,,,,,,
2026-06-01T07:11:20Z,2.97,8.29,62.83,13.922,2.83,8.4,0.3,1.51,,,,,,,,
2026-06-01T07:12:53Z,2.48,8.29,63.05,13.942,2.87,8.41,0.29,3.63,,,,,,,,
2026-06-01T07:14:26Z,1.99,8.28,63.5,13.961,2.92,8.41,0.31,1.32,,,,,,,,
2026-06-01T07:15:59Z,1.47,8.28,63.37,13.969,3.04,8.41,0.32,1.26,,,,,,,,
2026-06-01T07:17:32Z,0.98,8.28,63.52,13.941,2.86,8.41,0.3,6.02,,,,,,,,
2026-06-01T11:02:03Z,6.01,7.36,64.33,12.302,3.75,7.66,0.45,2.47,,,,,,,,
2026-06-01T11:03:36Z,5.49,7.52,64.29,12.542,3.57,7.61,0.39,2.07,,,,,,,,
2026-06-01T11:05:09Z,4.96,7.71,64.61,12.928,3.4,7.73,0.38,2,,,,,,,,
2026-06-01T11:06:42Z,4.49,8.02,64.87,13.582,3.11,8.06,0.34,1.59,,,,,,,,
2026-06-01T11:08:15Z,3.98,8.17,64.5,13.893,2.82,8.26,0.31,1.5,,,,,,,,
2026-06-01T11:09:48Z,3.48,8.17,64.51,13.91,2.87,8.28,0.33,1.67,,,,,,,,
2026-06-01T11:11:21Z,3,8.18,64.37,13.916,2.88,8.28,0.36,1.32,,,,,,,,
2026-06-01T11:12:54Z,2.49,8.18,64.46,13.921,2.79,8.28,0.33,1.19,,,,,,,,
2026-06-01T11:14:27Z,1.99,8.17,64.52,13.924,2.84,8.28,0.3,1.32,,,,,,,,
2026-06-01T11:16:00Z,1.49,8.17,64.6,13.926,2.88,8.29,0.33,1.22,,,,,,,,
2026-06-01T11:17:33Z,0.99,8.19,64.58,13.931,2.84,8.29,0.33,1.93,,,,,,,,
2026-06-01T15:02:01Z,6,7.38,63.24,12.209,4.03,7.63,0.47,2.79,,,,,,,,
2026-06-01T15:03:34Z,5.47,7.37,62.11,12.143,3.86,7.59,0.4,2.26,,,,,,,,
2026-06-01T15:05:07Z,4.92,7.57,62.36,12.421,3.48,7.65,0.38,2.03,,,,,,,,
2026-06-01T15:06:39Z,4.45,7.8,64.6,13.126,3.2,7.82,0.36,1.99,,,,,,,,
2026-06-01T15:08:12Z,3.94,8.06,65.13,13.722,3.05,8.19,0.37,1.48,,,,,,,,
2026-06-01T15:09:44Z,3.44,8.13,65.15,13.78,2.83,8.28,0.34,1.29,,,,,,,,
2026-06-01T15:11:17Z,2.94,8.14,65.11,13.802,2.87,8.3,0.35,1.49,,,,,,,,
2026-06-01T15:12:50Z,2.46,8.15,65.19,13.818,2.83,8.3,0.32,1.4,,,,,,,,
2026-06-01T15:14:23Z,1.94,8.16,65.15,13.818,2.96,8.3,0.34,1.29,,,,,,,,
2026-06-01T15:15:55Z,1.45,8.15,65.2,13.829,2.92,8.3,0.33,1.4,,,,,,,,
2026-06-01T15:17:28Z,0.95,8.16,65.24,13.841,2.93,8.3,0.35,1.17,,,,,,,,
2026-06-01T19:01:59Z,6.1,7.08,63.72,12.009,3.97,7.46,0.4,2.14,,,,,,,,
2026-06-01T19:03:32Z,5.42,7.39,63.1,12.33,3.59,7.46,0.38,1.87,,,,,,,,
2026-06-01T19:05:04Z,4.9,7.7,63.13,12.688,3.36,7.57,0.37,1.94,,,,,,,,
2026-06-01T19:06:36Z,4.41,7.78,63.14,13.191,3.35,7.69,0.39,1.63,,,,,,,,
2026-06-01T19:08:08Z,3.9,7.82,63.69,13.33,3.17,7.76,0.37,1.7,,,,,,,,
2026-06-01T19:09:40Z,3.41,8.05,63.55,13.582,3.01,7.96,0.3,1.45,,,,,,,,
2026-06-01T19:11:12Z,2.91,8.11,65.06,13.765,2.84,8.08,0.34,1.41,,,,,,,,
2026-06-01T19:12:44Z,2.42,8.25,65.54,14.271,2.75,8.23,0.34,4.67,,,,,,,,
2026-06-01T19:14:16Z,1.9,8.27,65.62,14.471,2.7,8.24,0.3,1.1,,,,,,,,
2026-06-01T19:15:48Z,1.4,8.24,65.6,14.577,2.7,8.23,0.27,0.92,,,,,,,,
2026-06-01T19:17:20Z,0.91,8.23,65.6,14.648,2.68,8.22,0.23,0.79,,,,,,,,
2026-06-01T23:01:59Z,6.1,7.16,63.73,12.166,4.14,7.58,0.51,2.79,,,,,,,,
2026-06-01T23:03:32Z,5.43,7.54,63.04,12.918,3.66,7.7,0.38,1.9,,,,,,,,
2026-06-01T23:05:04Z,4.9,7.91,61.84,13.245,3.35,7.94,0.37,1.8,,,,,,,,
2026-06-01T23:06:36Z,4.43,8.12,64.84,13.613,3.08,8.28,0.36,1.55,,,,,,,,
2026-06-01T23:08:08Z,3.9,8.31,64.98,14.607,2.75,8.48,0.3,1.16,,,,,,,,
2026-06-01T23:09:40Z,3.42,8.31,63.64,14.676,2.84,8.46,0.3,1.82,,,,,,,,
2026-06-01T23:11:12Z,2.9,8.3,63.28,14.736,2.86,8.45,0.34,1.93,,,,,,,,
2026-06-01T23:12:44Z,2.44,8.35,64.34,14.806,2.79,8.5,0.29,1.37,,,,,,,,
2026-06-01T23:14:16Z,1.92,8.36,65.2,14.833,2.69,8.51,0.34,1.42,,,,,,,,
2026-06-01T23:15:48Z,1.41,8.35,65.33,15.154,2.81,8.49,0.3,8.69,,,,,,,,
2026-06-01T23:17:20Z,0.93,8.22,65.71,15.546,2.54,8.45,0.25,1,,,,,,,,
2026-06-02T03:01:59Z,6.08,7.91,59.84,12.895,3.96,7.91,0.45,2.84,,,,,,,,
2026-06-02T03:03:32Z,5.43,8.02,59.44,12.878,3.68,7.95,0.37,2.01,,,,,,,,
2026-06-02T03:05:04Z,4.92,8.02,59.5,12.891,3.75,7.96,0.41,2.11,,,,,,,,
2026-06-02T03:06:36Z,4.43,8.04,59.5,12.909,3.48,7.97,0.39,4.21,,,,,,,,
2026-06-02T03:08:08Z,3.92,8.07,59.57,12.995,3.26,8.02,0.33,1.77,,,,,,,,
2026-06-02T03:09:40Z,3.42,8.36,61.68,14.122,2.84,8.43,0.34,2.34,,,,,,,,
2026-06-02T03:11:12Z,2.92,8.34,61.59,14.206,2.85,8.43,0.28,1.53,,,,,,,,
2026-06-02T03:12:45Z,2.43,8.35,61.62,14.353,2.83,8.46,0.28,1.22,,,,,,,,
2026-06-02T03:14:17Z,1.95,8.36,62.72,14.657,2.65,8.48,0.33,1.66,,,,,,,,
2026-06-02T03:15:50Z,1.45,8.33,63.28,14.813,3.02,8.49,0.35,1.87,,,,,,,,
2026-06-02T03:17:23Z,0.94,8.35,63.52,14.881,3.04,8.49,0.34,1.32,,,,,,,,
2026-06-02T07:02:04Z,6.11,7.37,61.4,12.489,4.14,7.68,0.57,2.87,,,,,,,,
2026-06-02T07:03:38Z,5.47,7.92,59.3,12.78,3.53,7.84,0.4,1.93,,,,,,,,
2026-06-02T07:05:11Z,4.94,7.98,59.27,12.841,3.52,7.9,0.38,6.12,,,,,,,,
2026-06-02T07:06:43Z,4.47,7.99,59.43,12.929,3.38,7.93,0.38,1.94,,,,,,,,
2026-06-02T07:08:16Z,3.95,8.02,59.7,13.035,3.47,7.95,0.35,1.58,,,,,,,,
2026-06-02T07:09:49Z,3.46,8.09,60,13.232,3.29,8.02,0.36,1.79,,,,,,,,
2026-06-02T07:11:22Z,2.97,8.11,60.47,13.457,3.17,8.11,0.33,1.64,,,,,,,,
2026-06-02T07:12:55Z,2.47,8.33,61.98,14.114,2.79,8.38,0.31,1.49,,,,,,,,
2026-06-02T07:14:28Z,1.97,8.28,63.72,14.564,2.8,8.44,0.34,1.13,,,,,,,,
2026-06-02T07:16:01Z,1.48,8.27,63.7,14.594,2.76,8.45,0.35,1.73,,,,,,,,
2026-06-02T07:17:34Z,0.97,8.27,63.66,14.616,2.73,8.45,0.29,1.43,,,,,,,,
2026-06-02T11:02:06Z,6.09,7.23,59.93,12.095,4.38,7.57,0.57,2.95,,,,,,,,
2026-06-02T11:03:40Z,5.47,7.4,60.17,12.199,4.13,7.57,0.47,2.42,,,,,,,,
2026-06-02T11:05:13Z,4.97,7.63,61.43,12.684,3.63,7.68,0.39,1.76,,,,,,,,
2026-06-02T11:06:46Z,4.47,7.93,60.92,13.249,3.27,7.91,0.33,1.72,,,,,,,,
2026-06-02T11:08:19Z,3.97,8.02,61.48,13.42,3.07,8.04,0.34,1.84,,,,,,,,
2026-06-02T11:09:52Z,3.48,8.03,62.26,13.45,3.06,8.06,0.36,1.64,,,,,,,,
2026-06-02T11:11:25Z,2.95,8.18,60.98,13.629,2.99,8.2,0.33,1.47,,,,,,,,
2026-06-02T11:12:58Z,2.48,8.19,60.98,13.771,2.87,8.22,0.31,1.57,,,,,,,,
2026-06-02T11:14:31Z,1.97,8.22,62.08,14.02,3.06,8.27,0.37,1.48,,,,,,,,
2026-06-02T11:16:04Z,1.46,8.22,62.92,14.153,2.81,8.35,0.34,1.6,,,,,,,,
2026-06-02T11:17:37Z,0.98,8.23,63.02,14.17,2.8,8.36,0.43,2.19,,,,,,,,
2026-06-02T15:02:05Z,6.12,7.51,58.43,12.022,4.08,7.65,0.46,2.5,,,,,,,,
2026-06-02T15:03:39Z,5.46,7.68,59.75,12.321,3.66,7.68,0.4,1.95,,,,,,,,
2026-06-02T15:05:12Z,4.93,7.79,61.66,12.813,3.32,7.8,0.38,1.82,,,,,,,,
2026-06-02T15:06:45Z,4.44,8,61.77,13.278,3.06,7.99,0.35,1.66,,,,,,,,
2026-06-02T15:08:17Z,3.94,8.01,61.73,13.402,3.15,8.02,0.33,1.55,,,,,,,,
2026-06-02T15:09:50Z,3.44,8.11,62.03,13.786,3.01,8.16,0.34,1.66,,,,,,,,
2026-06-02T15:11:23Z,2.92,8.16,62.45,13.893,2.96,8.25,0.36,2.3,,,,,,,,
2026-06-02T15:12:55Z,2.44,8.16,63.02,13.954,2.89,8.29,0.39,1.5,,,,,,,,
2026-06-02T15:14:27Z,1.95,8.18,63.19,13.982,2.77,8.32,0.33,1.86,,,,,,,,
2026-06-02T15:16:00Z,1.44,8.19,63.22,14.001,2.81,8.33,0.36,4.7,,,,,,,,
2026-06-02T15:17:32Z,0.95,8.19,63.28,14.018,2.82,8.34,0.31,1.08,,,,,,,,
2026-06-02T19:01:57Z,6.09,7.49,57.95,11.903,4.19,7.62,0.4,2.84,,,,,,,,
2026-06-02T19:03:30Z,5.42,7.63,58.79,12.078,3.89,7.62,0.34,1.71,,,,,,,,
2026-06-02T19:05:02Z,4.87,7.79,60.43,12.509,3.52,7.71,0.38,1.95,,,,,,,,
2026-06-02T19:06:34Z,4.38,8.17,62.31,13.138,3.23,8.13,0.35,1.83,,,,,,,,
2026-06-02T19:08:06Z,3.91,8.21,62.27,13.533,2.98,8.21,0.38,1.43,,,,,,,,
2026-06-02T19:09:38Z,3.4,8.14,62.12,13.793,2.94,8.2,0.35,1.39,,,,,,,,
2026-06-02T19:11:10Z,2.92,8.29,63.19,13.991,2.79,8.4,0.31,1.24,,,,,,,,
2026-06-02T19:12:42Z,2.39,8.3,63.28,14.064,2.89,8.43,0.33,1.92,,,,,,,,
2026-06-02T19:14:14Z,1.89,8.38,63.05,14.212,2.93,8.49,0.28,2.01,,,,,,,,
2026-06-02T19:15:46Z,1.41,8.41,63.16,14.468,2.81,8.51,0.25,0.93,,,,,,,,
2026-06-02T19:17:18Z,0.9,8.34,63.26,14.931,2.7,8.48,0.26,0.88,,,,,,,,
2026-06-02T23:01:58Z,6.06,7.45,59.03,12.13,4.18,7.62,0.42,2.36,,,,,,,,
2026-06-02T23:03:31Z,5.41,7.48,60.25,12.395,3.92,7.59,0.4,2.08,,,,,,,,
2026-06-02T23:05:03Z,4.9,7.59,60.57,12.534,3.73,7.44,0.4,2.01,,,,,,,,
2026-06-02T23:06:35Z,4.42,7.87,61.1,12.769,3.51,7.58,0.39,2.01,,,,,,,,
2026-06-02T23:08:07Z,3.9,8.36,62.33,13.947,2.89,8.07,0.34,1.39,,,,,,,,
2026-06-02T23:09:39Z,3.43,8.52,63.25,14.515,2.78,8.35,0.33,1.4,,,,,,,,
2026-06-02T23:11:11Z,2.9,8.42,63.63,14.742,2.72,8.3,0.34,1.26,,,,,,,,
2026-06-02T23:12:43Z,2.41,8.42,64.11,15.043,2.96,8.29,0.34,1.12,,,,,,,,
2026-06-02T23:14:15Z,1.92,8.42,64.12,15.234,2.82,8.28,0.39,2.98,,,,,,,,
2026-06-02T23:15:47Z,1.4,8.37,64.09,15.613,2.8,8.25,0.34,1.03,,,,,,,,
2026-06-02T23:17:19Z,0.9,8.36,64.07,15.769,2.83,8.25,0.32,1.17,,,,,,,,
2026-06-03T03:01:58Z,6.03,7.95,58.81,12.295,3.73,7.81,0.35,1.9,,,,,,,,
2026-06-03T03:03:31Z,5.41,8.05,59.67,12.572,3.48,7.9,0.36,1.63,,,,,,,,
2026-06-03T03:05:03Z,4.91,8.08,60.33,12.737,3.52,7.95,0.32,1.61,,,,,,,,
2026-06-03T03:06:35Z,4.42,8.16,61.07,13.076,3.4,8.1,0.36,1.54,,,,,,,,
2026-06-03T03:08:07Z,3.9,8.22,62.55,13.596,3.11,8.25,0.38,1.44,,,,,,,,
2026-06-03T03:09:39Z,3.44,8.27,62.85,13.803,3.12,8.31,0.38,1.79,,,,,,,,
2026-06-03T03:11:11Z,2.93,8.27,62.92,13.866,2.99,8.33,0.34,1.78,,,,,,,,
2026-06-03T03:12:43Z,2.41,8.31,63.27,14.363,2.93,8.45,0.35,1.75,,,,,,,,
2026-06-03T03:14:15Z,1.92,8.39,63.55,14.98,2.99,8.56,0.35,1.61,,,,,,,,
2026-06-03T03:15:48Z,1.42,8.43,63.88,15.058,2.76,8.6,0.37,3.51,,,,,,,,
2026-06-03T03:17:20Z,0.95,8.43,63.92,15.069,3.01,8.6,0.37,1.4,,,,,,,,
2026-06-03T07:02:04Z,6.11,7.79,57.01,11.968,4.12,7.74,0.39,2,,,,,,,,
2026-06-03T07:03:38Z,5.47,7.95,57.89,12.113,3.74,7.78,0.39,1.87,,,,,,,,
2026-06-03T07:05:11Z,4.94,8.02,59.44,12.458,3.54,7.88,0.45,1.75,,,,,,,,
2026-06-03T07:06:44Z,4.48,8.18,60.08,12.726,3.33,8.05,0.35,1.5,,,,,,,,
2026-06-03T07:08:17Z,3.96,8.35,63.33,13.844,3.01,8.4,0.36,1.19,,,,,,,,
2026-06-03T07:09:50Z,3.46,8.31,63.06,14.199,2.93,8.44,0.35,1.3,,,,,,,,
2026-06-03T07:11:23Z,2.98,8.34,63.79,14.481,2.81,8.49,0.36,1.55,,,,,,,,
2026-06-03T07:12:56Z,2.47,8.33,63.75,14.746,2.75,8.52,0.35,1.43,,,,,,,,
2026-06-03T07:14:29Z,1.96,8.34,63.75,14.838,2.88,8.54,0.38,2.19,,,,,,,,
2026-06-03T07:16:02Z,1.47,8.34,63.75,14.879,2.82,8.54,0.35,1.19,,,,,,,,
2026-06-03T07:17:35Z,0.96,8.34,63.73,14.882,2.9,8.54,0.36,1.48,,,,,,,,
2026-06-03T11:02:06Z,6.1,7.75,56.48,12.024,4.18,7.71,0.4,1.85,,,,,,,,
2026-06-03T11:03:40Z,5.49,7.83,58.48,12.148,3.81,7.56,0.41,1.84,,,,,,,,
2026-06-03T11:05:13Z,4.96,8.05,59.89,12.654,3.41,7.78,0.34,1.6,,,,,,,,
2026-06-03T11:06:46Z,4.48,8.13,62.13,13.287,3.35,7.95,0.41,1.59,,,,,,,,
2026-06-03T11:08:19Z,3.96,8.15,62.65,13.526,3.21,8.03,0.39,1.65,,,,,,,,
2026-06-03T11:09:52Z,3.48,8.18,62.72,13.715,3.15,8.07,0.37,1.52,,,,,,,,
2026-06-03T11:11:25Z,2.99,8.24,62.42,14.019,3,8.17,0.39,1.45,,,,,,,,
2026-06-03T11:12:58Z,2.48,8.25,63.36,14.429,2.89,8.27,0.4,1.76,,,,,,,,
2026-06-03T11:14:31Z,1.98,8.24,63.29,14.481,2.87,8.27,0.4,7.39,,,,,,,,
2026-06-03T11:16:04Z,1.49,8.24,63.25,14.5,2.77,8.27,0.4,4.52,,,,,,,,
2026-06-03T11:17:37Z,0.99,8.23,63.25,14.489,2.92,8.27,0.4,1.51,,,,,,,,
2026-06-03T15:02:01Z,6.04,7.76,56.24,11.89,4.26,7.71,0.4,2,,,,,,,,
2026-06-03T15:03:34Z,5.43,7.72,56.8,11.85,3.91,7.66,0.36,2,,,,,,,,
2026-06-03T15:05:07Z,4.91,7.87,58.23,12.194,3.69,7.74,0.34,1.59,,,,,,,,
2026-06-03T15:06:39Z,4.45,8.11,61.4,12.983,3.38,8.09,0.35,1.76,,,,,,,,
2026-06-03T15:08:12Z,3.94,8.22,63.78,14.044,2.73,8.41,0.33,1.4,,,,,,,,
2026-06-03T15:09:44Z,3.44,8.22,63.5,14.186,3.03,8.42,0.58,14.9,,,,,,,,
2026-06-03T15:11:17Z,2.94,8.23,63.47,14.218,2.73,8.43,0.33,1.27,,,,,,,,
2026-06-03T15:12:49Z,2.45,8.23,63.34,14.241,2.69,8.43,0.37,1.34,,,,,,,,
2026-06-03T15:14:22Z,1.94,8.24,63.22,14.259,2.9,8.43,0.31,1.47,,,,,,,,
2026-06-03T15:15:54Z,1.43,8.25,62.99,14.288,2.83,8.44,0.29,1.34,,,,,,,,
2026-06-03T15:17:27Z,0.94,8.26,62.87,14.328,2.72,8.44,0.3,1.11,,,,,,,,
2026-06-03T19:01:57Z,6.08,7.66,56.61,11.84,3.97,7.71,0.33,1.62,,,,,,,,
2026-06-03T19:03:30Z,5.38,7.55,57.48,11.895,3.86,7.61,0.33,1.61,,,,,,,,
2026-06-03T19:05:02Z,4.88,7.83,58.37,12.231,3.63,7.7,0.4,1.68,,,,,,,,
2026-06-03T19:06:34Z,4.38,8.15,62.37,13.202,3.11,8.05,0.38,1.54,,,,,,,,
2026-06-03T19:08:06Z,3.9,8.29,62.08,13.843,2.9,8.32,0.39,1.45,,,,,,,,
2026-06-03T19:09:38Z,3.4,8.26,63.63,14.196,2.77,8.46,0.39,1.35,,,,,,,,
2026-06-03T19:11:10Z,2.93,8.32,63.72,14.298,2.9,8.49,0.36,1.44,,,,,,,,
2026-06-03T19:12:42Z,2.39,8.38,63.66,14.329,2.89,8.55,0.38,1.99,,,,,,,,
2026-06-03T19:14:14Z,1.89,8.42,63.38,14.363,2.9,8.59,0.34,1.3,,,,,,,,
2026-06-03T19:15:46Z,1.42,8.4,63.49,14.523,2.83,8.56,0.3,1.06,,,,,,,,
2026-06-03T19:17:18Z,0.9,8.34,63.16,15.268,2.64,8.51,0.21,0.71,,,,,,,,
2026-06-03T23:01:59Z,6.11,7.6,56.44,11.756,4.03,7.64,0.38,1.68,,,,,,,,
2026-06-03T23:03:32Z,5.43,7.82,57.12,11.912,3.72,7.64,0.32,1.69,,,,,,,,
2026-06-03T23:05:04Z,4.9,7.81,58.13,12.103,3.63,7.62,0.37,1.71,,,,,,,,
2026-06-03T23:06:36Z,4.43,7.93,59.96,12.781,3.53,7.83,0.41,1.83,,,,,,,,
2026-06-03T23:08:08Z,3.89,8.32,63.02,13.987,2.95,8.39,0.38,1.44,,,,,,,,
2026-06-03T23:09:40Z,3.42,8.21,63.82,14.157,2.9,8.35,0.39,1.46,,,,,,,,
2026-06-03T23:11:12Z,2.91,8.34,63.72,14.291,2.86,8.46,0.32,1.55,,,,,,,,
2026-06-03T23:12:44Z,2.42,8.42,63.72,14.307,2.88,8.55,0.39,1.3,,,,,,,,
2026-06-03T23:14:16Z,1.92,8.48,63.63,14.379,2.81,8.61,0.32,1.08,,,,,,,,
2026-06-03T23:15:48Z,1.4,8.49,63.55,14.597,2.94,8.63,0.35,1.16,,,,,,,,
2026-06-03T23:17:20Z,0.93,8.51,63.67,14.866,2.96,8.65,0.4,1.18,,,,,,,,
2026-06-04T03:01:59Z,6.1,7.75,56.96,11.916,3.9,7.73,0.38,1.9,,,,,,,,
2026-06-04T03:03:32Z,5.44,8.1,58.57,12.782,3.5,7.94,0.36,1.67,,,,,,,,
2026-06-04T03:05:05Z,4.9,8.24,59.56,13.326,3.19,8.18,0.38,1.66,,,,,,,,
2026-06-04T03:06:37Z,4.4,8.32,61.28,14.053,2.91,8.39,0.34,1.65,,,,,,,,
2026-06-04T03:08:09Z,3.95,8.38,61.96,14.311,2.87,8.51,0.33,2.12,,,,,,,,
2026-06-04T03:09:41Z,3.43,8.43,62.42,14.424,2.81,8.56,0.34,1.5,,,,,,,,
2026-06-04T03:11:14Z,2.92,8.43,62.68,14.477,2.86,8.58,0.4,1.66,,,,,,,,
2026-06-04T03:12:46Z,2.42,8.43,63.02,14.52,2.76,8.6,0.35,1.55,,,,,,,,
2026-06-04T03:14:18Z,1.91,8.43,63.02,14.532,2.85,8.6,0.33,1.67,,,,,,,,
2026-06-04T03:15:50Z,1.43,8.43,63.14,14.547,2.8,8.6,0.32,1.68,,,,,,,,
2026-06-04T03:17:22Z,0.94,8.43,63.1,14.545,2.76,8.61,0.45,1.58,,,,,,,,
2026-06-04T07:02:04Z,6.08,7.62,55.97,11.887,4.16,7.71,0.39,2.03,,,,,,,,
2026-06-04T07:03:38Z,5.46,7.69,57.41,11.923,3.89,7.54,0.42,2,,,,,,,,
2026-06-04T07:05:11Z,4.94,8.06,60.27,12.91,3.31,7.83,0.45,1.88,,,,,,,,
2026-06-04T07:06:44Z,4.46,8.22,61,13.638,2.91,8.18,0.37,1.48,,,,,,,,
2026-06-04T07:08:17Z,3.96,8.28,62.24,14.414,2.61,8.36,0.35,1.57,,,,,,,,
2026-06-04T07:09:50Z,3.46,8.34,62.09,14.557,2.78,8.4,0.37,1.7,,,,,,,,
2026-06-04T07:11:23Z,2.97,8.38,62.82,14.695,2.81,8.48,0.37,1.53,,,,,,,,
2026-06-04T07:12:56Z,2.48,8.44,63.17,14.749,2.87,8.53,0.39,1.27,,,,,,,,
2026-06-04T07:14:29Z,1.96,8.45,63.34,14.869,2.76,8.52,0.5,1.43,,,,,,,,
2026-06-04T07:16:02Z,1.46,8.35,62.86,15.002,3.05,8.45,0.44,2.07,,,,,,,,
2026-06-04T07:17:35Z,0.98,8.32,62.85,15.062,2.8,8.43,0.39,7.23,,,,,,,,
2026-06-04T11:02:06Z,6.08,7.51,56.13,11.723,4.15,7.62,0.41,1.98,,,,,,,,
2026-06-04T11:03:40Z,5.48,7.44,56.85,11.719,4.06,7.55,0.44,2,,,,,,,,
2026-06-04T11:05:13Z,4.96,7.7,57.56,12.015,3.73,7.63,0.42,2.01,,,,,,,,
2026-06-04T11:06:46Z,4.48,8.03,58.75,12.748,3.37,7.86,0.45,1.86,,,,,,,,
2026-06-04T11:08:19Z,3.96,8.04,60.81,13.467,3.15,8.02,0.45,1.62,,,,,,,,
2026-06-04T11:09:52Z,3.48,8.36,63.4,14.451,3,8.55,0.38,1.43,,,,,,,,
2026-06-04T11:11:25Z,2.97,8.26,62.32,14.78,2.94,8.5,0.39,2.07,,,,,,,,
2026-06-04T11:12:58Z,2.47,8.23,62.28,14.807,2.98,8.5,0.41,1.37,,,,,,,,
2026-06-04T11:14:31Z,1.98,8.25,62.32,14.819,2.82,8.5,0.38,3.03,,,,,,,,
2026-06-04T11:16:04Z,1.5,8.24,62.29,14.811,2.88,8.5,0.4,1.43,,,,,,,,
2026-06-04T11:17:37Z,0.99,8.26,62.3,14.807,2.83,8.5,0.41,1.55,,,,,,,,
2026-06-04T15:02:01Z,6.02,7.55,56.32,11.859,3.93,7.68,0.41,1.95,,,,,,,,
2026-06-04T15:03:34Z,5.45,7.58,57.06,11.896,3.8,7.61,0.42,1.84,,,,,,,,
2026-06-04T15:05:07Z,4.93,7.43,59.07,12.328,3.69,7.58,0.41,1.9,,,,,,,,
2026-06-04T15:06:39Z,4.44,7.77,59.3,12.688,3.52,7.69,0.44,1.94,,,,,,,,
2026-06-04T15:08:12Z,3.93,7.92,60.63,13.262,3.39,7.9,0.47,2.19,,,,,,,,
2026-06-04T15:09:44Z,3.44,8.12,62.12,14.184,2.91,8.3,0.37,2.13,,,,,,,,
2026-06-04T15:11:17Z,2.94,8.21,62.34,14.539,3.14,8.44,0.48,3,,,,,,,,
2026-06-04T15:12:50Z,2.44,8.21,62.33,14.633,2.82,8.47,0.38,1.4,,,,,,,,
2026-06-04T15:14:22Z,1.95,8.21,62.3,14.669,2.94,8.48,0.38,1.61,,,,,,,,
2026-06-04T15:15:55Z,1.44,8.22,62.29,14.682,2.97,8.48,0.38,1.99,,,,,,,,
2026-06-04T15:17:27Z,0.96,8.23,62.3,14.7,2.81,8.49,0.37,1.06,,,,,,,,
2026-06-04T17:02:43Z,6.12,7.04,56.35,11.337,4.46,7.55,0.35,1.58,,,,,,,,
2026-06-04T17:04:17Z,5.39,7.34,57.06,11.711,4,7.56,0.37,1.79,,,,,,,,
2026-06-04T17:05:50Z,4.87,7.16,59.47,12.252,3.72,7.5,0.47,2.14,,,,,,,,
2026-06-04T17:07:23Z,4.39,7.45,59.28,12.514,3.7,7.59,0.45,1.84,,,,,,,,
2026-06-04T17:08:56Z,3.88,7.73,60.11,12.99,3.36,7.76,0.41,1.95,,,,,,,,
2026-06-04T17:10:29Z,3.41,7.64,62.94,14.027,3.1,7.86,0.36,1.36,,,,,,,,
2026-06-04T17:12:02Z,2.91,7.99,62.84,14.515,2.94,8.35,0.43,1.37,,,,,,,,
2026-06-04T17:13:35Z,2.39,8.08,62.71,14.574,3.29,8.41,0.44,3.27,,,,,,,,
2026-06-04T17:15:08Z,1.9,8.18,62.42,14.612,3.01,8.47,0.37,1.6,,,,,,,,
2026-06-04T17:16:41Z,1.42,8.21,62.35,14.649,3.02,8.48,0.39,1.17,,,,,,,,
2026-06-04T17:18:14Z,0.9,8.25,62.36,14.777,3.05,8.51,0.41,2.15,,,,,,,,
2026-06-04T19:01:58Z,6.08,7.08,56.37,11.378,4.34,7.53,0.39,1.74,,,,,,,,
2026-06-04T19:03:31Z,5.38,7.2,57.88,11.915,4.12,7.5,0.39,1.65,,,,,,,,
2026-06-04T19:05:03Z,4.89,7.11,59.34,12.291,3.96,7.46,0.42,1.77,,,,,,,,
2026-06-04T19:06:35Z,4.42,7.3,59.29,12.417,3.7,7.5,0.45,1.87,,,,,,,,
2026-06-04T19:08:07Z,3.91,7.51,59.26,12.565,3.56,7.59,0.45,1.94,,,,,,,,
2026-06-04T19:09:39Z,3.41,8.21,61.78,14.179,2.96,8.42,0.4,1.46,,,,,,,,
2026-06-04T19:11:11Z,2.91,8.22,62.2,14.411,2.85,8.46,0.36,1.8,,,,,,,,
2026-06-04T19:12:43Z,2.39,8.28,62.55,14.688,2.86,8.53,0.33,1.26,,,,,,,,
2026-06-04T19:14:15Z,1.91,8.34,62.47,15.122,3.3,8.55,0.5,1.66,,,,,,,,
2026-06-04T19:15:47Z,1.43,8.25,62.37,15.754,3.06,8.49,0.34,1.08,,,,,,,,
2026-06-04T19:17:19Z,0.94,8.24,62.33,15.79,2.97,8.49,0.32,0.97,,,,,,,,
2026-06-04T23:01:58Z,6.09,7.07,56.95,11.605,4.38,7.53,0.48,2.46,,,,,,,,
2026-06-04T23:03:31Z,5.43,7.12,58.57,12.139,4.16,7.48,0.51,2.24,,,,,,,,
2026-06-04T23:05:03Z,4.88,7.21,58.64,12.323,3.97,7.47,0.5,2.1,,,,,,,,
2026-06-04T23:06:35Z,4.42,7.48,58.7,12.466,3.68,7.54,0.45,2.11,,,,,,,,
2026-06-04T23:08:07Z,3.92,7.79,60.93,13.59,3.36,7.9,0.4,1.85,,,,,,,,
2026-06-04T23:09:39Z,3.41,8.32,61.95,14.995,2.92,8.58,0.38,1.49,,,,,,,,
2026-06-04T23:11:11Z,2.92,8.38,62.03,15.214,3.05,8.6,0.38,1.76,,,,,,,,
2026-06-04T23:12:43Z,2.42,8.4,62.08,15.331,3.08,8.61,0.39,1.48,,,,,,,,
2026-06-04T23:14:15Z,1.93,8.46,62.27,15.422,3.11,8.64,0.39,2.04,,,,,,,,
2026-06-04T23:15:47Z,1.41,8.42,62.7,16.263,3.39,8.63,0.49,8.3,,,,,,,,
2026-06-04T23:17:19Z,0.92,8.32,62.65,16.356,3.18,8.6,0.36,2.22,,,,,,,,
2026-06-05T03:01:59Z,6.06,7.13,57,12.056,4.58,7.56,0.59,3.08,,,,,,,,
2026-06-05T03:03:32Z,5.44,7.65,55.69,12.22,4.08,7.58,0.55,2.87,,,,,,,,
2026-06-05T03:05:04Z,4.9,7.63,55.66,12.226,4.08,7.57,0.56,2.74,,,,,,,,
2026-06-05T03:06:36Z,4.42,7.67,55.87,12.308,3.95,7.58,0.5,2.76,,,,,,,,
2026-06-05T03:08:08Z,3.92,8.04,57.28,12.822,3.29,7.78,0.43,2.25,,,,,,,,
2026-06-05T03:09:40Z,3.42,8.24,62.05,13.836,3.18,8.23,0.39,1.73,,,,,,,,
2026-06-05T03:11:12Z,2.93,8.33,61.6,15.197,2.67,8.57,0.39,2.39,,,,,,,,
2026-06-05T03:12:44Z,2.44,8.34,61.46,15.331,2.8,8.58,0.34,2.27,,,,,,,,
2026-06-05T03:14:17Z,1.92,8.41,62.05,15.579,2.84,8.64,0.34,1.46,,,,,,,,
2026-06-05T03:15:49Z,1.43,8.45,62.38,15.94,3.25,8.69,0.64,6.11,,,,,,,,
2026-06-05T03:17:21Z,0.95,8.3,62.64,16.381,2.98,8.63,0.4,1.72,,,,,,,,
2026-06-05T07:02:04Z,6.08,7.91,54.55,12.339,4.09,7.75,0.53,2.98,,,,,,,,
2026-06-05T07:03:38Z,5.46,7.92,54.31,12.295,3.71,7.69,0.53,2.58,,,,,,,,
2026-06-05T07:05:11Z,4.94,7.99,54.12,12.284,3.54,7.68,0.55,2.68,,,,,,,,
2026-06-05T07:06:44Z,4.47,7.99,54.37,12.35,3.75,7.67,0.47,2.47,,,,,,,,
2026-06-05T07:08:17Z,3.95,8.37,53.28,12.552,3.24,7.92,0.4,2.39,,,,,,,,
2026-06-05T07:09:50Z,3.45,8.25,59.63,14.008,2.99,8.16,0.4,1.48,,,,,,,,
2026-06-05T07:11:23Z,2.97,8.27,61.11,15.029,2.83,8.52,0.36,1.45,,,,,,,,
2026-06-05T07:12:56Z,2.45,8.25,61,15.08,2.83,8.54,0.39,1.72,,,,,,,,
2026-06-05T07:14:29Z,1.97,8.29,61.09,15.142,2.85,8.54,0.36,2.47,,,,,,,,
2026-06-05T07:16:02Z,1.47,8.27,61.33,15.227,2.84,8.53,0.34,1.53,,,,,,,,
2026-06-05T07:17:35Z,0.96,8.28,62.12,15.421,2.89,8.55,0.46,2.14,,,,,,,,
2026-06-05T11:02:03Z,6.01,7.42,55.96,12.157,4.07,7.63,0.58,2.83,,,,,,,,
2026-06-05T11:03:36Z,5.48,7.52,55.61,12.221,4.12,7.56,0.64,2.94,,,,,,,,
2026-06-05T11:05:09Z,4.97,7.78,54.45,12.308,3.65,7.62,0.5,2.75,,,,,,,,
2026-06-05T11:06:42Z,4.47,8.07,53.94,12.401,3.38,7.71,0.47,2.65,,,,,,,,
2026-06-05T11:08:15Z,3.98,7.91,56.69,12.651,3.51,7.71,0.53,2.65,,,,,,,,
2026-06-05T11:09:48Z,3.47,8.37,54.96,13.004,3.1,8.07,0.45,2.11,,,,,,,,
2026-06-05T11:11:21Z,2.98,8.21,61.21,14.374,2.97,8.39,0.46,1.72,,,,,,,,
2026-06-05T11:12:54Z,2.48,8.18,61.57,14.965,3.17,8.47,0.4,1.93,,,,,,,,
2026-06-05T11:14:27Z,1.97,8.17,61.6,14.989,2.8,8.48,0.43,1.64,,,,,,,,
2026-06-05T11:16:00Z,1.48,8.18,61.6,15.003,2.8,8.48,0.43,2.08,,,,,,,,
2026-06-05T11:17:33Z,0.99,8.17,61.59,15.011,2.83,8.48,0.4,1.76,,,,,,,,
