date,max_temp_degC,min_temp_degC,mean_temp_degC,min_RH_perc,mean_RH_perc,max_RH_perc,tot_sol_rad_Wpm2,min_wind_mps,max_wind_mps,mean_wind_mps
2024-04-01,3.1944444444444446,-5.01111111111111,-1.4747685185185193,56.42,75.76708333333333,94.38,4627.3444,0.581135449262405,8.524810013410818,2.02931753836984
2024-04-02,7.088888888888888,-8.28888888888889,-1.4863425925925928,33.48,62.725833333333334,92.35,7056.851400000001,0.5230219043361645,6.531068395172105,1.8538593354194606
2024-04-03,11.18888888888889,-3.8333333333333326,2.158101851851851,28.33,61.65958333333333,85.72,6904.265800000001,0.232454179704962,6.2717925793473395,1.461592907167337
2024-04-04,13.833333333333334,-7.7666666666666675,2.5685185185185193,16.61,54.482083333333335,91.78,6998.817700000001,0.08940545373267769,4.8323647742512295,0.8417150946207718
2024-04-05,14.027777777777779,-3.2444444444444445,6.204629629629632,15.95,42.47624999999999,81.09,6721.3259,0.07152436298614215,15.516316495306214,2.3047980926836535
2024-04-06,5.5277777777777795,-6.188888888888889,-2.8111111111111104,43.53,66.16333333333333,91.5,3164.9882000000002,0.616897630755476,14.796602592758159,4.018402622559976
2024-04-07,-0.28888888888888864,-7.605555555555556,-4.608333333333334,45.41,68.52833333333334,86.4,4619.6686,1.005811354492624,11.23379526151095,3.3376173446580237
2024-04-08,4.027777777777778,-6.972222222222222,-2.613194444444444,22.81,55.844166666666666,82.67,6483.492399999999,0.308448815377738,6.370138578453285,1.7817761883474892
2024-04-09,5.650000000000001,-12.55,-2.6374999999999993,22.44,56.750416666666666,88,7481.8116,0.15645954403218595,9.767545820295037,1.8585158694680377
2024-04-10,5.533333333333334,-3.099999999999999,0.417824074074073,40.73,67.57291666666667,89.08,4603.1539999999995,0.22351363433169422,10.87617344658024,2.4161823871256147
2024-04-11,8.777777777777777,-8.227777777777778,0.6918981481481504,14.03,52.5925,91.5,7559.267400000001,0.031291908806437195,11.56459544032186,2.1809342869915063
2024-04-12,15.694444444444445,-7.76111111111111,3.505787037037038,18.39,52.25416666666667,88.75,7652.074800000001,0.18328118015198924,7.840858292355833,1.0423185814334675
2024-04-13,15.677777777777777,-1.8888888888888882,5.595601851851851,22.95,53.89208333333333,84,6764.2406,0.20116227089852481,8.265534197586051,1.2190806139174488
2024-04-14,18.255555555555556,-5.272222222222221,6.294675925925929,9.46,49.156666666666666,92.42,7773.1431,0.022351363433169423,8.03308001788109,1.0775219788407093
2024-04-15,12.505555555555553,-3.1833333333333336,2.1025462962962944,16.38,62.8425,95.1,5094.172600000001,0.15645954403218595,15.382208314707196,2.0820295037997316
2024-04-16,5.827777777777779,-2.4666666666666672,1.3525462962962977,68.37,83.8875,95.1,3216.0439000000006,0.8672329012069736,8.8824318283415291,2.7389733273729697
2024-04-17,12.427777777777777,-3.1555555555555554,4.547685185185186,27.95,63.994166666666665,95.05,4295.307900000001,0.1430487259722843,12.50782297720161,2.372597228430934
2024-04-18,7.933333333333334,-1.4722222222222214,3.013657407407406,38.54,72.87791666666666,95.1,2223.8886,0.21904336164506033,7.644166294143943,1.4904634182685141
2024-04-19,8.483333333333336,-2.216666666666666,2.8032407407407414,56.03,77.06333333333333,95.1,3617.744100000001,0.24586499776486367,8.328118015198926,1.772276858888392
2024-04-20,7.8666666666666645,-0.3888888888888885,2.742592592592593,35.96,74.15708333333333,95.1,5617.7552,0,14.175234689316047,2.5543883176873785
2024-04-21,11.844444444444443,-5.122222222222222,3.1166666666666663,17.07,57.410000000000004,94.15,7624.511699999998,0.10281627179257935,10.71524362986142,1.6117195648934584
2024-04-22,14.544444444444444,-1.8777777777777773,6.8224537037037045,24.93,50.056666666666665,79.2,5329.6801000000005,1.046043808672329,17.246312025033525,3.582737296975116
2024-04-23,13.455555555555556,0.6722222222222227,6.061805555555557,38.11,63.00666666666667,89.45,5481.4516,0.6347787215020115,14.993294590970049,2.6382059305617642
2024-04-24,17.36111111111111,-2.2000000000000006,7.6761574074074055,17.39,58.45041666666667,95.1,7561.826000000001,0.2413947250782298,10.420205632543585,1.8566532558486066
2024-04-25,13.311111111111112,-2.0444444444444443,5.4960648148148135,22.28,62.35916666666667,95.1,5598.7983,0.3129190880643719,14.175234689316047,2.00026076590672
2024-04-26,8.822222222222223,0.19444444444444522,2.9567129629629623,53.3,84.43124999999999,95.1,4075.152,0,8.49351810460438,2.6678214871107135
2024-04-27,4.188888888888888,-1.072222222222222,1.2418981481481477,58.42,77.30833333333334,95.1,3405.9618000000005,0,8.265534197586051,1.5767024288481595
2024-04-28,7.172222222222221,-1.0777777777777784,1.5439814814814825,50.82,80.7925,95.1,3627.9785000000006,0.5185516316495306,12.606168976307554,2.4703844434510502
2024-04-29,9.011111111111111,-1.6111111111111103,3.5310185185185166,42.34,71.6125,94.33,4652,0.7822977201609298,12.051855163164953,2.410222023543436
2024-04-30,12.811111111111112,-0.12777777777777802,5.176157407407409,20.73,58.672916666666666,95.1,6112.030200000001,0.5677246312025034,16.231560125167636,3.4937043659663236
2024-05-01,11.222222222222223,0.33333333333333415,3.471296296296297,33.86,72.87125,95.02,2869.121,0.2905677246312025,13.227536879749664,2.4724333184324245
2024-05-02,8.011111111111113,-6.416666666666667,1.2148148148148152,26.74,55.67125,92.08,7744.7658999999985,0.4067948144836835,15.516316495306214,3.5473476382059306
2024-05-03,11.783333333333335,-1.072222222222222,3.8826388888888905,23.72,58.64458333333334,87.15,5369.8036,0.2592758158247653,15.252570406794813,3.212077186708389
2024-05-04,15.716666666666665,-5.777777777777777,5.4520833333333325,16.89,53.22875,94.47,8095.4104,0.1430487259722843,13.978542691104156,1.9492251527343167
2024-05-05,17.883333333333333,-2.2888888888888896,7.492824074074073,21.91,54.31041666666666,88.55,4644.9057,0.3397407241841752,12.083147071971391,2.134927730591566
2024-05-06,7.511111111111114,-4.2444444444444445,-1.4173611111111108,62.31,84.93625,95.1,1766.1318000000003,1.2159141707644168,15.189986589181938,2.9025108031589926
2024-05-07,1.6277777777777775,-3.6000000000000005,-1.024768518518518,51.14,66.50958333333334,78.12,4818.309,2.360303978542691,18.453285650424675,5.134480703322903
2024-05-08,0.3833333333333321,-4.933333333333333,-2.4891203703703706,52.12,63.33625,73.69,4417.8881,0.6884219937416183,10.549843540455967,2.9447921323200714
2024-05-09,6.383333333333335,-3.4000000000000004,1.1916666666666684,45.82,64.15875,82.75,4890.5313,0.348681269557443,9.374161823871255,1.9292951870064075
2024-05-10,9.8,-1.8055555555555556,3.5435185185185167,42.55,63.25625,87.5,6096.5623,0.7599463567277603,8.395172105498435,2.2431455818804946
2024-05-11,12.516666666666667,-4.372222222222224,4.1537037037037035,29.79,65.48208333333334,92.6,6615.841800000001,0.4067948144836835,14.076888690210101,2.469639398003278
2024-05-12,12.194444444444446,-0.3111111111111104,6.093287037037038,30.66,63.05458333333333,92.22,7206.994700000002,0.4827894501564596,17.018328118015198,3.2510058113544926
2024-05-13,16.099999999999998,-2.5222222222222217,7.122916666666665,26.76,61.85458333333334,95.1,6646.4286999999995,0.4559678140366562,14.631202503352702,2.6205111011771716
2024-05-14,14.155555555555553,0.20555555555555413,7.382407407407407,30.82,65.15291666666667,94.3,4878.9013,0.2056325435851587,23.321412606168977,2.2803978542691103
2024-05-15,12.655555555555557,0.29444444444444506,6.212499999999999,38.3,68.28291666666667,95.1,4992.293800000001,0.308448815377738,12.641931157800625,1.7888541201013262
2024-05-16,16.755555555555553,-2.077777777777777,7.6550925925925934,22.67,56.687916666666666,95.1,8359.1788,0.3352704514975413,8.6544479213232,1.9937416182387124
2024-05-17,17.772222222222226,-1.6277777777777775,9.122453703703705,20.84,51.56125,90.17,7639.747,0.3531515422440769,13.750558784085829,3.00886604082849
2024-05-18,17.422222222222224,-0.4055555555555558,9.124537037037037,24.11,55.2875,84.47,6125.521000000001,0.232454179704962,16.852928028609746,2.6063552376694976
2024-05-19,15.105555555555554,0.6166666666666664,7.569212962962963,43.61,71.28625,95.1,4471.851300000001,0.6303084488153776,20.938757264193118,2.661488600804649
2024-05-20,18.35555555555556,0.8888888888888897,9.727777777777776,13.83,54.93875,95.1,7019.8679999999995,0.4067948144836835,16.298614215467143,2.6748994188645505
2024-05-21,7.316666666666667,-0.7222222222222227,2.5624999999999982,51.1,73.44541666666667,88.78,3456.6686000000013,1.6450603486812696,12.217255252570405,3.2675830725674264
2024-05-22,12.43888888888889,-5.711111111111112,4.398379629629628,16.27,51.416250000000005,94.08,7681.847599999999,0.45149754135002235,15.382208314707196,2.905677246312025
2024-05-23,15.58888888888889,-2.65,5.535648148148146,20.38,56.0075,84.5,6603.7465999999995,0.6392489941886454,17.246312025033525,3.5253687974966468
2024-05-24,13.555555555555555,-6.533333333333335,4.304861111111112,18.71,52.86208333333333,90.05,7443.8978,0.43808672329012066,12.50782297720161,2.6369021010281624
2024-05-25,13.222222222222221,-1.6777777777777776,5.4719907407407415,28.8,67.66208333333333,92.47,3781.8434,0.40232454179704963,20.514081358962898,2.4888243182834153
2024-05-26,11.722222222222221,1.0388888888888874,5.917592592592591,38.98,65.03875,95.1,3859.6481000000003,1.1935628073312472,12.543585158694679,3.4376396960214572
2024-05-27,17.41111111111111,1.6388888888888904,9.382407407407408,22.34,47.970416666666665,82.32,8595.6167,0.43808672329012066,10.844881537773805,2.722768588883922
2024-05-28,20.555555555555557,-2.1333333333333333,9.231712962962964,14.25,52.41458333333333,86.75,8039.4701000000005,0.2413947250782298,12.869915064818953,1.7782372224705707
2024-05-29,20.294444444444444,0.26666666666666494,9.891203703703704,20.46,55.021249999999995,90.6,6793.897099999998,0.232454179704962,17.898971837282073,2.1487110713753537
2024-05-30,19.40555555555556,-0.0777777777777781,10.362037037037036,17.82,51.333333333333336,93.33,8692.262,0.13410818059901652,12.051855163164953,2.4446803755029056
2024-05-31,17.916666666666668,-0.8222222222222224,9.142129629629633,19.38,52.48166666666667,89.97,7891.652800000002,0.37550290567724626,14.14394278050961,2.748845179555953
2024-06-01,19.01666666666667,-0.8055555555555551,10.119212962962962,23.98,54.935,94.65,6019.106500000001,0.4067948144836835,19.33839964237818,2.1455446282223214
2024-06-02,21.149999999999995,1.2055555555555566,11.634953703703705,16.23,54.26708333333333,91.35,8059.59,0.5185516316495306,15.873938310236923,2.8509164059007595
2024-06-03,20.650000000000002,2.4833333333333325,12.696990740740738,23.82,53.47958333333333,91.9,6237.169,0.13410818059901652,13.455520786767993,3.2655341975860526
2024-06-04,17.52777777777778,7.322222222222223,11.658564814814815,30.96,59.43625,83.8,5710.4463000000005,1.859633437639696,14.827894501564595,4.385337505587841
2024-06-05,21.011111111111106,4.188888888888888,13.708564814814814,30.84,48.348333333333336,74.29,8852.756,1.7970496200268213,14.01430487259723,4.3339293696915515
2024-06-06,25.33888888888889,3.622222222222224,15.176388888888887,16.1,45.736666666666665,86.47,8975.219900000002,0.04023245417970496,8.8824318283415291,1.4994039636417822
2024-06-07,23.716666666666665,3.4666666666666677,13.735879629629629,25.61,53.89125,82.21,6551.527900000002,0.18775145283862313,22.114438980777827,2.612129339889733
2024-06-08,21.988888888888887,6.594444444444443,12.974537037037035,32.07,68.24833333333333,92.2,5266.064,0.06258381761287439,12.9682610639249,1.7370734614811503
2024-06-09,23.916666666666668,3.277777777777777,13.71574074074074,19.46,62.11958333333333,95.1,8014.232999999999,0.21010281627179256,8.918194009834599,1.5070406794814482
2024-06-10,22.633333333333333,4.305555555555555,13.304629629629627,29.26,63.094166666666666,95,6041.319799999999,0.04023245417970496,17.639696021457308,2.2077559231113097
2024-06-11,23.433333333333337,3.3999999999999986,14.114814814814814,21.54,55.62083333333333,95.1,8511.415500000001,0.1385784532856504,10.94322753687975,2.4312695574430037
2024-06-12,24.333333333333332,3.888888888888889,15.09560185185185,22.53,49.38666666666667,87.72,7744.882200000001,0.04917299955297273,18.1269557443004,2.7149456116823125
2024-06-13,26.999999999999996,4.055555555555554,16.858564814814812,11.3,46.677083333333336,87.97,7790.704399999998,0.3620920876173447,16.95127402771569,2.175905230219043
2024-06-14,19.705555555555556,8.350000000000001,14.42152777777778,40.53,57.51,80.13,4948.099800000001,0.1743406347787215,10.45149754135002,2.0272686633884667
2024-06-15,22.138888888888886,3.494444444444444,13.924768518518517,26.8,54.869166666666665,92.7,6881.471,0.3978542691104157,18.55163164953062,2.1332513783340783
2024-06-16,25.383333333333333,2.6055555555555543,15.609259259259257,12.55,42.110416666666666,88.85,9050.466,0.21457308895842644,14.894948591864104,2.7769706452093574
2024-06-17,25.022222222222226,1.9833333333333334,16.04259259259259,14.5,32.225,67.52,9017.436800000001,0.27268663388466696,13.164953062136789,3.09901654000894
2024-06-18,18.79444444444444,1.3055555555555562,10.783101851851853,25.41,40.11291666666667,56.08,8463.0347,0.5453732677693339,14.863656683057666,3.0675383698405603
2024-06-19,20.505555555555553,3.683333333333335,12.420601851851853,33.86,52.992916666666666,77.77,6375.682300000001,0.6481895395619133,16.231560125167636,2.86786618983758
2024-06-20,24.044444444444444,4.377777777777779,13.558796296296297,31.89,64.91916666666667,95.03,5975.3777,0.6079570853822084,9.602145730889584,1.8117642676203247
2024-06-21,20.361111111111114,6.466666666666667,13.822916666666666,34.72,66.59791666666666,95.1,7508.560600000001,0.6347787215020115,14.206526598122485,2.6015124422589775
2024-06-22,21.816666666666663,3.3500000000000005,11.817824074074075,25.59,68.6775,95.1,6235.8897,0.2413947250782298,11.171211443898077,2.0917150946207714
2024-06-23,24.53888888888889,2.550000000000002,14.24583333333333,21.66,58.5725,95.1,6757.3789,0.3352704514975413,10.254805543138131,1.7225450752495903
2024-06-24,24.822222222222226,4.616666666666668,14.382407407407406,21.61,57.58375,85,6681.0861,0.24586499776486367,15.873938310236923,2.163425718968857
2024-06-25,26.088888888888885,4.100000000000001,14.606944444444443,20.82,61.21791666666667,94.15,7462.854700000001,0.3352704514975413,20.742065265981225,2.5011175681716584
2024-06-26,27.722222222222225,4.500000000000001,14.162731481481481,18.43,69.89083333333333,95.08,6102.493600000001,0.2995082700044703,12.771569065713008,1.6493443600059603
2024-06-27,22.61111111111111,9.833333333333336,14.478703703703705,41.3,75.04916666666666,95.2,4883.5533,0.5274921770227984,12.999552972731335,2.2189316048278944
2024-06-28,20.46666666666667,7.822222222222221,13.526620370370372,48.6,72.8425,92.62,5081.6122,0.581135449262405,11.23379526151095,2.467031738936075
2024-06-29,25.627777777777776,3.811111111111111,14.998379629629632,22.98,61.89083333333333,95.1,7133.027900000001,0.20116227089852481,13.12919088064372,2.0743927879600657
2024-06-30,25.944444444444443,8.622222222222225,16.9712962962963,30.29,62.07541666666667,92.28,6571.9967,0.3844434510505141,13.030844881537773,1.928736402920578
2024-07-01,21.866666666666667,10.172222222222224,13.587500000000002,44.84,76.74625,90.53,4994.6198,0.5274921770227984,15.319624497094324,2.19807033229027
2024-07-02,19.14444444444444,6.483333333333334,12.505092592592591,28.71,64.2675,94.85,7859.7865999999995,0.5409029950827,12.543585158694679,2.6581358962896737
2024-07-03,21.71666666666667,1.7388888888888903,13.56898148148148,17.82,48.74291666666666,93.42,8297.4235,0.5096110862762628,14.796602592758159,3.3549396513187304
2024-07-04,20.51666666666667,1.5888888888888886,12.62199074074074,15.12,39.740833333333335,80.77,6697.4844,0.4962002682163612,15.480554313813142,3.4476978095663835
2024-07-05,19.327777777777783,0.5222222222222209,10.996990740740742,21.6,43.68416666666667,76.47,6959.2757,0.41573535985695126,13.030844881537773,2.7317091342571893
2024-07-06,21.555555555555557,0.9166666666666659,13.500694444444447,16.45,41.74458333333333,83.45,7531.936899999999,0.2995082700044703,16.36566830576665,3.338921174191625
2024-07-07,33.611111111111114,3.5500000000000003,13.342592592592592,20.74,46.595,74.68,2592.6759,0.20116227089852481,15.90523021904336,3.2964535836686037
2024-07-08,21.849999999999998,1.377777777777776,12.528472222222225,17.73,47.94541666666667,90.1,6849.953699999999,0.48725972284309343,8.131426016987037,2.0466398450305467
2024-07-09,21.550000000000004,1.4444444444444453,12.211342592592594,24.52,55.01083333333333,81.87,5622.174599999999,0.44702726866338843,15.449262405006706,1.845850096855908
2024-07-10,24.111111111111114,2.144444444444444,13.156481481481482,25.31,58.26833333333333,94.85,5185.3517999999995,0.35762181493071077,15.449262405006706,1.9568618685739827
2024-07-11,25.91111111111111,2.755555555555556,15.980092592592591,20.03,47.31666666666666,87,5965.1433,0.464908359409924,9.731783638801966,1.8290865742810312
2024-07-12,27.5,4.749999999999998,17.378703703703703,12.85,41.47291666666667,78.27,8032.026900000002,0.4693786320965579,13.392936969155118,2.7024661004321264
2024-07-13,28.833333333333332,5.077777777777778,18.13287037037037,13.36,36.275416666666665,65.48,7742.091000000001,0.022351363433169423,10.026821636119802,1.6042691104157354
2024-07-14,27.277777777777775,6.3611111111111125,17.36226851851852,21.27,46.090833333333336,67.7,7418.6607,0.5096110862762628,10.974519445686187,2.5044702726866337
2024-07-15,24.450000000000003,8.738888888888887,16.446990740740738,35,58.62833333333333,81.38,4617.226299999999,0.3665623603039785,11.694233348234242,1.8162345403069584
2024-07-16,21.52777777777778,6.388888888888889,13.86041666666667,33.71,67.92166666666667,94.25,5523.901099999999,0.3665623603039785,11.922217255252571,1.7497392340932798
2024-07-17,23.172222222222217,4.566666666666666,14.162962962962963,29.45,64.2975,95.1,6237.517900000001,0.2860974519445686,11.041573535985695,1.667597973476382
2024-07-18,23.055555555555557,4.822222222222222,14.306018518518519,36.63,64.82291666666667,94.78,5385.504100000001,0.1519892713455521,8.49351810460438,1.7190061093726718
2024-07-19,23.81666666666667,5.750000000000001,13.255092592592593,31.07,67.595,90.7,4004.0926999999997,0.28162717925793473,14.92624050067054,1.7109968708091194
2024-07-20,23.09444444444444,4.9833333333333325,14.903703703703703,23.21,59.282916666666665,95.1,7750.348299999999,0.5677246312025034,9.928475637013857,2.3522947399791385
2024-07-21,18.688888888888886,5.833333333333333,12.54537037037037,44.56,65.0375,85.7,4045.7281,0.33080017881090745,16.624944121591415,2.3707346148115036
2024-07-22,21.077777777777776,2.0222222222222226,11.226851851851855,31.14,68.39041666666667,95.1,6686.4358999999995,0.29503799731783636,15.94099240053643,1.6169348830278647
2024-07-23,24.561111111111106,2.361111111111111,12.938888888888888,24.54,64.53458333333333,95.1,6951.018400000001,0.1698703620920876,11.694233348234242,1.7594248249143198
2024-07-24,24.561111111111106,3.022222222222221,14.140277777777778,20.62,56.437083333333334,87.2,4518.0224,0.38891372373714794,17.407241841752345,1.6219639398003278
2024-07-25,27.5,3.022222222222221,16.296296296296298,19.03,48.82333333333334,85.35,5270.948600000001,0.37550290567724626,24.07241841752347,1.895768141856653
2024-07-26,22.70555555555556,8.944444444444445,16.5125,37.89,56.2025,75.41,3691.1294000000003,0.18328118015198924,9.405453732677692,1.7258977797645654
2024-07-27,33.05555555555556,6.716666666666669,16.45925925925926,24.31,56.87916666666667,90.12,3971.0635000000016,0.5498435404559677,14.765310683951721,2.433690955148264
2024-07-28,24.95555555555556,4.361111111111112,15.463194444444447,12.21,45.689166666666665,91.78,6819.4831,0.34421099687080914,11.694233348234242,2.400536432722396
2024-07-29,26.57777777777778,2.116666666666668,15.529861111111112,10.14,33.04,67.42,5078.472100000001,0.06258381761287439,13.620920876173445,2.3804202056325434
2024-07-30,26.444444444444443,1.4444444444444453,15.903009259259258,12.6,31.523333333333333,61.47,4687.936700000001,0.07152436298614215,18.717031738936072,2.567985397109224
2024-07-31,26.622222222222224,2.622222222222222,16.085648148148145,12.78,32.97,66.62,90.01620000000001,0.07599463567277605,13.164953062136789,2.028572492922068
2024-08-01,29.444444444444443,3.672222222222222,17.551620370370372,7.83,33.64958333333333,69.95,23.957800000000006,0.5543138131426016,10.974519445686187,1.6381686782893758
2024-08-02,29,6.3611111111111125,19.103703703703705,13.57,35.57875,65.77,7665.4493,0.21010281627179256,9.66919982118909,1.8082253017434062
2024-08-03,28.444444444444443,6.0888888888888895,18.304166666666667,17.71,40.373333333333335,74.11,7125.352100000001,0.14751899865891818,11.005811354492623,1.9546267322306659
2024-08-04,26.172222222222224,7.505555555555554,17.155787037037037,28.07,50.801249999999996,70.74,6486.051000000001,0.4693786320965579,13.817612874385336,2.3996051259126805
2024-08-05,26.172222222222224,7.522222222222221,15.9375,28.37,67.84916666666666,95.1,6284.154200000001,0.4693786320965579,11.269557443004024,1.5942109968708091
2024-08-06,26.233333333333334,6.788888888888888,15.888425925925926,32.1,66.91791666666667,95.1,5391.0865,0.4336164506034868,9.928475637013857,1.3254358515869467
2024-08-07,24.02777777777778,7.249999999999998,14.657870370370368,30.47,67.2125,91.78,4494.0646,0.013410818059901653,18.453285650424675,2.058188049471018
2024-08-08,24.455555555555552,4.316666666666668,14.237499999999999,22.38,61.55416666666667,95.1,4841.103800000001,0.12516763522574878,12.50782297720161,1.53982267918343
2024-08-09,18.516666666666666,6.199999999999998,12.358333333333333,52.16,68.92083333333333,86.12,3455.9708000000005,0.3397407241841752,11.528833258828788,1.6379824169274324
2024-08-10,23.305555555555557,5.272222222222223,12.758333333333335,32.72,70.96875,95.1,5517.7372,0.16540008940545373,17.246312025033525,1.826478915213828
2024-08-11,21.900000000000002,4.2444444444444445,12.547222222222224,40.53,73.09625,94.95,4453.592200000001,0.5543138131426016,17.375949932945908,2.0933914468782593
2024-08-12,23.01666666666667,5.872222222222223,13.997222222222222,33.1,70.33333333333333,94.55,6667.3627,0.3218596334376397,17.179257934734018,1.7186335866487854
2024-08-13,20.011111111111106,7.249999999999998,12.115972222222224,54.65,85.56,95.12,3166.5001,0.39338399642378186,16.070630308448816,1.3468559082104006
2024-08-14,19.322222222222223,7.183333333333334,12.829166666666667,42.88,74.17166666666667,95.05,4698.2874,0.47831917746982566,9.865891819400984,2.048502458649977
2024-08-15,21.988888888888887,3.1722222222222225,11.977546296296298,33.44,70.90083333333332,95.1,5661.8329,0.4112650871703174,6.7948144836835045,1.3358664878557591
2024-08-16,25.51666666666667,6.133333333333333,16.037962962962965,20.3,54.004583333333336,93.3,4587.8024000000005,0.09834599910594546,12.932498882431828,2.057629265385189
2024-08-17,26.722222222222218,3.688888888888889,14.80949074074074,20.86,54.84125,86.15,2867.1439,0.6079570853822084,14.827894501564595,2.158396662196394
2024-08-18,24.92777777777778,6.066666666666667,15.084259259259259,30.2,68.63708333333334,95.15,982.5024000000003,0.4738489047831918,13.750558784085829,1.9084339144687827
2024-08-19,23.238888888888887,7.705555555555555,14.314814814814813,41.27,74.87333333333333,95.2,5064.9813,0.1430487259722843,18.81537773804202,1.7359558933094918
2024-08-20,25.46666666666667,4.916666666666668,14.53263888888889,24.97,64.2325,95.1,1969.8894000000005,0.2637460885113992,12.051855163164953,1.69590970049173
2024-08-21,23.511111111111106,6.322222222222224,14.376620370370368,33.34,63.99166666666667,83.45,1048.3282,0.6392489941886454,14.957532409476977,2.346520637758903
2024-08-22,21.27777777777778,7.894444444444446,12.817824074074073,40.56,77.05208333333333,95.1,356.6921,0.2771569065713008,19.628967367009384,1.5411265087170316
2024-08-23,19.988888888888894,8.233333333333333,12.491898148148147,45.9,81.56208333333333,95.2,3532.4962000000005,0.2548055431381314,15.091640590075993,1.793883176873789
2024-08-24,21.06111111111111,6.727777777777778,13.853240740740741,35.98,70.69875,95.15,1705.8884000000003,0.5632543585158695,11.466249441215913,1.857398301296379
2024-08-25,19.81111111111111,6.81111111111111,12.48078703703704,36.89,73.44916666666667,92.38,3139.0533,0.3531515422440769,16.495306213679033,1.825920131127999
2024-08-26,20.694444444444443,7.233333333333336,12.75601851851852,32.95,69.72041666666667,95.1,1860.3348000000003,0.5319624497094322,15.091640590075993,1.7726493816122781
2024-08-27,23.694444444444446,2.0944444444444463,12.918981481481483,21.07,56.27208333333333,95.05,2623.9606000000003,0.14751899865891818,9.177469825659365,1.5530472358813887
2024-08-28,23.694444444444446,2.2111111111111095,13.633796296296294,19.01,53.09,94.28,6848.325499999999,0.2548055431381314,10.813589628967367,1.9486663686484875
2024-08-29,22.83333333333333,2.8888888888888906,13.34050925925926,15.91,49.719166666666666,84.95,562.5431,0.10728654447921322,12.378185069289227,2.0801668901803008
2024-08-30,24.02777777777778,1.3333333333333326,12.930324074074074,15.18,51.124583333333334,94.67,5805.347100000001,0.004470272686633884,7.87215020116227,1.5409402473550886
2024-08-31,24.522222222222222,1.5388888888888905,13.988425925925922,14.37,44.529583333333335,86.88,0.23260000000000003,0.2860974519445686,10.45149754135002,1.8916703918939053
2024-09-01,23.388888888888886,3.1555555555555554,13.994212962962962,17.12,41.763333333333335,75.04,0,0.3397407241841752,10.32185963343764,2.0268961406645802
2024-09-02,22.305555555555557,1.8055555555555556,12.622685185185183,23.88,49.23083333333334,77.39,0,0.17881090746535538,8.328118015198926,1.7046639845030547
2024-09-03,24.288888888888888,1.5499999999999996,13.81111111111111,18.95,50.967083333333335,86.45,3378.9802,0.3129190880643719,9.83012963790791,1.561428997168827
2024-09-04,18.833333333333336,3.5666666666666678,11.475231481481481,39.14,65.51458333333333,91.55,3334.6699000000003,0.37997317836388017,11.367903442109968,2.306660706303084
2024-09-05,17.444444444444443,2.7777777777777777,9.643055555555556,38.18,71.75916666666666,95.1,4639.323300000001,0.3397407241841752,8.131426016987037,1.700566234540307
2024-09-06,22.76666666666667,-0.5722222222222229,10.828935185185186,19.6,58.56625,95.1,6794.246000000001,0.04023245417970496,6.075100581135449,1.4699746684547759
2024-09-07,26.77777777777778,0.9333333333333331,11.603009259259258,23.05,54.6675,89.33,0.9304000000000001,0.09834599910594546,7.577112203844434,1.4154000894054535
2024-09-08,21.17777777777778,1.3833333333333344,10.974768518518516,25.91,57.20333333333333,90.45,17.7939,0.38891372373714794,24.07241841752347,1.781031142899717
2024-09-09,21.799999999999997,1.3333333333333326,12.080324074074074,27.42,57.59166666666667,91.85,4788.3036,0.33080017881090745,8.198480107286544,1.757562211294889
2024-09-10,20.422222222222224,1.5888888888888886,11.228935185185186,28.62,63.10958333333333,94.55,4831.102000000001,0.2369244523915959,13.553866785873938,1.843428699150648
2024-09-11,20.488888888888887,1.4166666666666652,10.084953703703706,28.52,68.19208333333333,94.05,5484.708,0.19222172552525704,12.673223066607063,1.7573759499329458
2024-09-12,22.583333333333336,0.20555555555555413,11.93587962962963,14.89,52.564166666666665,95.1,6614.5625,0.28162717925793473,13.978542691104156,2.589777976456564
2024-09-13,20.455555555555552,1.6888888888888884,11.424537037037036,15.36,40.1325,70.03,6426.389100000001,0.18775145283862313,14.14394278050961,2.4148785575920133
2024-09-14,22.29444444444444,-0.41111111111111026,11.088657407407409,14.5,43.838750000000005,80.87,5422.6038,0.3620920876173447,13.066607063030844,1.7942556995976753
2024-09-15,22.188888888888886,0.33333333333333415,9.109722222222224,18.25,56.60458333333333,86.5,1077.4032,0.19669199821189093,12.574877067501117,1.6752346893160481
2024-09-16,20.227777777777774,-0.1222222222222216,9.891435185185186,32.49,65.26041666666667,95.05,4023.049599999999,0.4738489047831918,8.721502011622709,1.4371926687527938
2024-09-17,20.85,1.7444444444444447,9.56231884057971,28.93,65.04521739130435,92.45,3432.0130000000004,0.5096110862762628,14.599910594546266,2.2301072865444795
2024-09-18,18.461111111111116,-0.42777777777777753,9.76365740740741,15.09,40.499583333333334,69.28,6380.566900000001,0.6437192668752794,13.097898971837282,2.9799955297273137
2024-09-19,20.883333333333336,-1.9222222222222227,9.607638888888891,18.25,45.845,81.78,6282.758599999999,0.18328118015198924,10.777827447474294,1.5472731336611534
2024-09-20,23.01666666666667,-0.09999999999999984,10.873148148148147,8.81,44.20583333333333,84.9,6153.7819,0.2279839070183281,10.482789450156458,1.658098644017285
2024-09-21,20.538888888888888,-1.1833333333333327,8.97800925925926,25.54,54.17166666666667,75.17,4228.784299999999,0.44702726866338843,16.003576218149306,2.383959171509462
2024-09-22,16.666666666666668,2.311111111111109,8.549074074074076,43.14,74.54541666666667,98.83,3974.3199,0.10728654447921322,5.681716584711667,0.8003650722694085
2024-09-23,18.305555555555557,-1.4388888888888889,8.815046296296297,26.89,65.07958333333333,102.57,5647.876899999999,0.38891372373714794,9.995529727313365,2.175160184771271
2024-09-24,21.866666666666667,1.1277777777777784,11.437962962962963,28.13,51.54166666666667,83.7,5848.6107,0.16540008940545373,8.068842199374162,1.5482044404708686
2024-09-25,26.722222222222218,0.09999999999999984,12.784953703703705,14.33,50.49875,92.65,5964.678099999999,0.044702726866338846,6.204738489047832,1.0266726270302489
2024-09-26,24.75,2.3944444444444457,13.103703703703705,17.98,46.64791666666667,83.28,4951.123600000002,0.2413947250782298,10.616897630755476,1.5409402473550886
2024-09-27,24.299999999999997,2.738888888888889,13.11273148148148,16.95,43.980000000000004,74.66,5688.233,0.19669199821189093,8.363880196691998,1.1853673074057516
2024-09-28,25.494444444444444,1.2444444444444456,13.327546296296294,17.16,48.145833333333336,81.59,5712.0745000000015,0.26821636119803305,8.591864103710325,1.2429220682461628
2024-09-29,25.155555555555555,2.3166666666666678,13.612268518518517,17.89,48.58166666666667,85.34,4663.630000000001,0.29503799731783636,8.229772016092982,1.4424079868872
2024-09-30,22.87777777777778,2.5277777777777763,12.719675925925923,14.04,45.40708333333333,86.2,5610.660900000001,0.2413947250782298,14.796602592758159,2.3945760691402174
2024-10-01,23.42222222222222,-0.5055555555555556,11.115046296296295,13.2,39.49458333333333,72.22,5560.0704000000005,0.18775145283862313,11.171211443898077,1.771718074802563
2024-10-02,22.022222222222222,-1.3888888888888888,10.247685185185183,13.23,39.822916666666664,71.47,5590.1921,0.21457308895842644,10.974519445686187,1.9112278348979286
2024-10-03,21.283333333333335,-2.1222222222222222,9.56064814814815,16.48,42.34,77.28,5210.821500000001,0.21457308895842644,9.472507822977201,1.7115556548949484
2024-10-04,23.5,-1.5111111111111104,10.695138888888888,12.08,39.472500000000004,73.54,5463.1925,0.19669199821189093,9.964237818506929,1.7774921770227983
2024-10-05,19.716666666666665,1.0388888888888874,10.84791666666667,16.95,36.8225,60.97,5358.638800000001,0.25033527045149756,16.003576218149306,3.172403516614514
2024-10-06,21.694444444444443,-1.9833333333333334,9.884027777777776,14.57,44.51875,77.51,5129.6441,0.4604380867232901,10.290567724631202,1.6679704962002682
2024-10-07,18.850000000000005,-1.849999999999999,8.294675925925926,16.29,44.329166666666666,81.3,5243.1529,0.1519892713455521,8.851139919535091,1.6133959171509462
2024-10-08,19.055555555555557,-3.200000000000001,7.841203703703706,24.16,48.80458333333333,74.14,5014.623400000001,0.21457308895842644,13.325882878855609,1.8518104604380867
2024-10-09,19.122222222222224,-2.1111111111111116,7.915046296296298,24.06,56.452083333333334,88.9,4101.086899999999,0.29503799731783636,11.792579347340187,1.3766577261212933
2024-10-10,20.33888888888889,-1.9055555555555554,9.103935185185186,19.56,51.44541666666667,89.45,4083.0604000000003,0.17881090746535538,11.23379526151095,1.3995678736402921
2024-10-11,20.149999999999995,0.044444444444443496,9.463888888888887,20.45,45.31708333333333,71.79,3431.5478000000003,0.1698703620920876,11.269557443004024,1.4722098047980927
2024-10-12,20.149999999999995,-1.4333333333333325,9.929166666666667,20.21,45.111666666666665,78.58,4333.919500000001,0.035762181493071074,13.357174787662046,1.556213679034421
2024-10-13,20.477777777777778,-0.8611111111111115,9.408796296296297,17.58,47.69833333333333,80.24,4767.137,0.308448815377738,9.342869915064817,1.5480181791089256
2024-10-14,19.638888888888886,-2.1111111111111116,8.817592592592595,23.3,52.93,80,4431.495200000001,0.16540008940545373,11.23379526151095,1.8464088809417372
2024-10-15,19.60555555555556,-1.9055555555555554,8.519212962962964,19.4,59.042500000000004,94.85,4790.0481,0.004470272686633884,9.633437639696021,1.2574504544777232
2024-10-16,18.649999999999995,-1.505555555555556,8.162962962962963,24.12,60.209583333333335,95.72,4179.822000000001,0.26821636119803305,13.848904783191774,1.5832215765161672
2024-10-17,12.516666666666667,-0.2833333333333342,6.080324074074074,39.5,67.71208333333334,90.58,2005.1283,0.3218596334376397,18.3907018328118,1.7871777678438385
2024-10-18,12.455555555555556,-0.4888888888888883,5.824305555555556,38.1,71.175,99.97,2018.8517000000006,0.4559678140366562,9.964237818506929,1.9620771867083893
2024-10-19,17.711111111111112,-2.8499999999999996,5.289583333333335,33.81,72.2375,100.28,3370.2576999999997,0.42467590523021903,5.391148860080465,0.9575696617493666
2024-10-20,17.84444444444445,1.4777777777777759,8.365972222222224,22.02,60.214166666666664,90.12,3587.5061,0.33080017881090745,13.325882878855609,1.8577708240202648
2024-10-21,7.277777777777778,0.7888888888888899,2.560416666666667,78.65,98.19733333333333,102.6,638.2544,0,8.001788109074653,2.0466398450305467
2024-10-22,13.355555555555554,-0.29444444444444506,4.862962962962961,Inf,NA,-Inf,3809.522800000001,0.2771569065713008,7.577112203844434,1.1442035464163314
2024-10-23,16.822222222222223,-2.638888888888889,5.255092592592593,Inf,NA,-Inf,4422.4238000000005,0.1743406347787215,6.43272239606616,1.1034123081507972
2024-10-24,11.305555555555555,-2.177777777777779,4.236342592592592,Inf,NA,-Inf,2228.5406,0.4336164506034868,14.631202503352702,2.4735508866040825
2024-10-25,15.372222222222225,-5.333333333333334,3.2037037037037033,Inf,NA,-Inf,3940.011400000001,0.32632990612427354,8.45775592311131,1.3312099538071822
2024-10-26,17.788888888888884,-4.461111111111112,5,Inf,NA,-Inf,4235.0645,0.26821636119803305,8.851139919535091,1.4230368052451199
2024-10-27,18.37222222222222,-5.544444444444445,6.130324074074072,Inf,NA,-Inf,3628.3274000000006,0.2056325435851587,10.71524362986142,1.5722321561615258
2024-10-28,20.022222222222226,0.33333333333333415,7.4787037037037045,Inf,NA,-Inf,2305.6475000000005,0.21904336164506033,9.079123826553419,1.6960959618536728
2024-10-29,8.994444444444444,-0.8666666666666659,2.7949074074074076,Inf,NA,-Inf,1810.2095,0.4336164506034868,13.263299061242735,1.7318581433467441
2024-10-30,2.9277777777777794,-3.922222222222222,-1.0155092592592594,Inf,NA,-Inf,2795.852,0.4738489047831918,9.146177916852928,1.9821934137982413
2024-10-31,6.888888888888888,-4.21111111111111,0.9363425925925937,Inf,NA,-Inf,3416.3125000000005,0.7018328118015199,8.556101922217255,1.9726940843391447
2024-11-01,9.394444444444442,-5.0166666666666675,1.8696759259259268,24.41,44.95636363636363,70.16,3735.2071000000005,0.2279839070183281,7.416182387125614,1.5379600655639993
