date,mean_1m_temp_degC,mean_0_5m_temp_degC,mean_1m_temp_degC_m1,mean_0_5m_temp_degC_m1,total_solar_radiation,total_solar_radiation_m1,total_solar_radiation_m2,mean_air_temp,min_air_temp,max_air_temp,mean_air_temp_m1,min_air_temp_m1,max_air_temp_m1,mean_rel_hum_m1,mean_rel_hum_m2,pump_cfs_m1,pump_cfs_m2,pump_cfs_m3,mean_wind,max_wind,mean_wind_m1,max_wind_m1,nf_cfs_m1,nf_cfs_m2,nf_cfs_m3,nf_cfs_m4,chipmunk_cfs_m1,chipmunk_cfs_m2,chipmunk_cfs_m3,chipmunk_cfs_m4
2024-06-01,-0.8455669132943516,-1.0700919368339519,-1.0298801400498219,-1.0252180169768645,110.27674056486475,145.55625617121245,160.64005130406736,-4.403085791631624,-4.76596765711456,-4.004187198403226,-4.511696382857504,-4.768084099351754,-4.103623058428028,-0.5235606063227467,-0.6047779744788817,-0.8701765874092859,-0.8701765874092859,-0.8701765874092859,-1.568680194111035,3.180311315867713,-1.1236048581135454,1.5149652986264965,1.0016152876921465,0.9500692081825552,0.9704676144119525,0.7657129779696135,-4.172654923069413,-0.5861323230926873,1.871484834551532,0.22474813474791902
2024-06-02,-0.8949571513523037,-0.9304323387730516,-0.8455669132943516,-1.0700919368339519,148.72025968252018,110.27674056486475,145.55625617121245,-4.234599141229572,-4.510583627159672,-3.8113418941127026,-4.403085791631624,-4.76596765711456,-4.004187198403226,-0.3500454162997704,-0.5235606063227467,-0.8701765874092859,-0.8701765874092859,-0.8701765874092859,-1.0483034428228313,2.0696029136629432,-1.568680194111035,3.180311315867713,0.9353749892023862,1.0016152876921465,0.9500692081825552,0.9704676144119525,-3.140322512676855,-4.172654923069413,-0.5861323230926873,1.871484834551532
2024-06-03,-0.6832652919457257,-0.6820314721811295,-0.8949571513523037,-0.9304323387730516,114.38512462560021,148.72025968252018,110.27674056486475,-4.116545269506205,-4.348323055641374,-3.856540012305794,-4.234599141229572,-4.510583627159672,-3.8113418941127026,-0.39728469102919167,-0.3500454162997704,-0.8701765874092859,-0.8701765874092859,-0.8701765874092859,-0.7424257960397458,1.2942567903174194,-1.0483034428228313,2.0696029136629432,0.8644967066875524,0.9353749892023862,1.0016152876921465,0.9500692081825552,-2.6907583984736445,-3.140322512676855,-4.172654923069413,-0.5861323230926873
2024-06-04,-0.7803473417185122,-0.47548873533843383,-0.6832652919457257,-0.6820314721811295,104.46145987302904,114.38512462560021,148.72025968252018,-4.231974578257518,-3.733849326109035,-4.138777150355988,-4.116545269506205,-4.348323055641374,-3.856540012305794,-0.4529816525005616,-0.39728469102919167,-0.8701765874092859,-0.8701765874092859,-0.8701765874092859,0.08369119068977153,1.7342406348036972,-0.7424257960397458,1.2942567903174194,0.9878176486959255,0.8644967066875524,0.9353749892023862,1.0016152876921465,-5.771105106903052,-2.6907583984736445,-3.140322512676855,-4.172654923069413
2024-06-05,-0.8362595369340483,-0.4258362139637323,-0.7803473417185122,-0.47548873533843383,163.66382197276866,104.46145987302904,114.38512462560021,-4.004100757860364,-4.131740466701732,-3.8238969269441174,-4.231974578257518,-3.733849326109035,-4.138777150355988,-0.03168865715944881,-0.4529816525005616,-0.8701765874092859,-0.8701765874092859,-0.8701765874092859,0.04576566036087185,1.4734033068020607,0.08369119068977153,1.7342406348036972,1.2543199909517002,0.9878176486959255,0.8644967066875524,0.9353749892023862,-7.536060518219361,-5.771105106903052,-2.6907583984736445,-3.140322512676855
2024-06-06,-0.4595485740298521,-0.6875964258472116,-0.8362595369340483,-0.4258362139637323,165.97109046127775,163.66382197276866,104.46145987302904,-3.8409404264310107,-4.203699502766368,-3.4326821039172466,-4.004100757860364,-4.131740466701732,-3.8238969269441174,-0.81589598081797865,-0.03168865715944881,-0.8701765874092859,-0.8701765874092859,-0.8701765874092859,-2.045360138715941,-0.1718783005928772,0.04576566036087185,1.4734033068020607,1.531212968264692,1.2543199909517002,0.9878176486959255,0.8644967066875524,-11.831895387272265,-7.536060518219361,-5.771105106903052,-2.6907583984736445
2024-06-07,-0.3446670161811594,-0.6824721750335676,-0.4595485740298521,-0.6875964258472116,120.3077710875565,165.97109046127775,163.66382197276866,-4.001064498735832,-4.223452963646857,-3.5793248873881662,-3.8409404264310107,-4.203699502766368,-3.4326821039172466,-1.000609501718797,-0.81589598081797865,-0.5718164301038667,-0.8701765874092859,-0.8701765874092859,-1.224464782973736,4.070311209763408,-2.045360138715941,-0.1718783005928772,2.1018982439935288,1.531212968264692,1.2543199909517002,0.9878176486959255,-14.013113867295251,-11.831895387272265,-7.536060518219361,-5.771105106903052
2024-06-08,-0.885378026777103,-0.7144015287543339,-0.3446670161811594,-0.6824721750335676,96.08912094179156,120.3077710875565,165.97109046127775,-4.085693789079806,-3.8262673037998924,-3.7355094958109603,-4.001064498735832,-4.223452963646857,-3.5793248873881662,-0.4238659922181734,-1.000609501718797,-0.8701765874092859,-0.5718164301038667,-0.8701765874092859,-1.8700232666156642,1.1380410279428135,-1.224464782973736,4.070311209763408,2.542385566918194,2.1018982439935288,1.531212968264692,1.2543199909517002,-16.74379959801105,-14.013113867295251,-11.831895387272265,-7.536060518219361
2024-06-09,-0.6761319013046182,-1.0820773261737906,-0.885378026777103,-0.7144015287543339,147.86571579788716,96.08912094179156,120.3077710875565,-4.003303096564936,-4.247439309001736,-3.5612456401109296,-4.085693789079806,-3.8262673037998924,-3.7355094958109603,0.5915573947760009,-0.4238659922181734,-0.8701765874092859,-0.8701765874092859,-0.5718164301038667,-2.039726273703315,-0.1604129235378607,-1.8700232666156642,1.1380410279428135,2.8869824489650133,2.542385566918194,2.1018982439935288,1.531212968264692,-16.0611281653321,-16.74379959801105,-14.013113867295251,-11.831895387272265
2024-06-13,-0.4283484821067224,-0.7281799738173279,-0.4696711950348515,-0.9164594659810402,143.65434824336256,142.79103980606675,157.2328314563641,-3.653953180176932,-4.148672004599295,-3.282523911253532,-3.8499205487569603,-4.169836426971246,-3.523580541616686,-0.7424585056927651,-0.3015389620236466,-0.8701765874092859,-0.8701765874092859,-0.8701765874092859,-1.5462821454023008,2.4149973974453305,-1.148613722315936,2.791921668129013,2.5028003490323028,2.8353588274027564,3.0110885042566276,2.832712704855536,-15.295204118911816,-15.794719801359827,-18.27564769085162,-16.677197507017983
2024-06-14,-0.5932486957603225,-0.7288323868635843,-0.4283484821067224,-0.7281799738173279,90.09854919669782,143.65434824336256,142.79103980606675,-3.9248492485081474,-3.6033353881486647,-3.9419142355594112,-3.653953180176932,-4.148672004599295,-3.282523911253532,-0.9340973101627746,-0.7424585056927651,-0.8701765874092859,-0.8701765874092859,-0.8701765874092859,-1.6559363961358593,0.33116511769599244,-1.5462821454023008,2.4149973974453305,2.444682580559285,2.5028003490323028,2.8353588274027564,3.0110885042566276,-13.080684593392295,-15.295204118911816,-15.794719801359827,-18.27564769085162
2024-06-15,-0.4446703592641129,-0.7916195814874245,-0.5932486957603225,-0.7288323868635843,126.52403006371996,90.09854919669782,143.65434824336256,-3.9800679949594007,-4.219925559918198,-3.721950060353032,-3.9248492485081474,-3.6033353881486647,-3.9419142355594112,-0.16792519307592657,-0.9340973101627746,-0.8701765874092859,-0.8701765874092859,-0.8701765874092859,-1.5777493426679459,2.92807302065734,-1.6559363961358593,0.33116511769599244,2.1443040540451386,2.444682580559285,2.5028003490323028,2.8353588274027564,-12.914179365909625,-13.080684593392295,-15.295204118911816,-15.794719801359827
2024-06-16,-0.2856297164942801,-0.5028123121896029,-0.4446703592641129,-0.7916195814874245,167.38875685450216,126.52403006371996,90.09854919669782,-3.792823438610022,-4.332802479235276,-3.428664493411194,-3.9800679949594007,-4.219925559918198,-3.721950060353032,-0.35470156440161005,-0.16792519307592657,-0.6414338001417978,-0.8701765874092859,-0.8701765874092859,-1.1028557455060677,1.7557382167818536,-1.5777493426679459,2.92807302065734,1.6501624770540306,2.1443040540451386,2.444682580559285,2.5028003490323028,-7.519409995471094,-12.914179365909625,-13.080684593392295,-15.295204118911816
2024-06-17,-0.1888873519901182,-0.1522893610856308,-0.2856297164942801,-0.5028123121896029,166.7664736154361,167.38875685450216,126.52403006371996,-3.7446549887699727,-4.41181632275723,-3.461307578772871,-3.792823438610022,-4.332802479235276,-3.428664493411194,-1.257080748113152,-0.35470156440161005,-0.8701765874092859,-0.6414338001417978,-0.8701765874092859,-0.8652715355833572,1.2011006017454064,-1.1028557455060677,1.7557382167818536,1.3399651881210775,1.6501624770540306,2.1443040540451386,2.444682580559285,-6.453776539582002,-7.519409995471094,-12.914179365909625,-13.080684593392295
2024-06-18,-0.3272071933738778,0.04963895765506384,-0.1888873519901182,-0.1522893610856308,156.32131797942222,166.7664736154361,167.38875685450216,-4.329289256299754,-4.497884973736501,-4.024275250933489,-3.7446549887699727,-4.41181632275723,-3.461307578772871,-1.9562396956836536,-1.257080748113152,-0.8701765874092859,-0.8701765874092859,-0.6414338001417978,-0.8884940523427196,1.7457060118587138,-0.8652715355833572,1.2011006017454064,0.7763701638328696,1.3399651881210775,1.6501624770540306,2.1443040540451386,-6.8866901310369455,-6.453776539582002,-7.519409995471094,-12.914179365909625
2024-06-19,-0.329788801415421,-0.06028615971485889,-0.3272071933738778,0.04963895765506384,116.99477018097942,156.32131797942222,166.7664736154361,-4.1472680948849545,-4.195939214563319,-3.869597246450465,-4.329289256299754,-4.497884973736501,-4.024275250933489,-1.398356532924658,-1.9562396956836536,-0.8701765874092859,-0.8701765874092859,-0.8701765874092859,-1.0357990107216355,2.1842566842131137,-0.8884940523427196,1.7457060118587138,0.5440977914507548,0.7763701638328696,1.3399651881210775,1.6501624770540306,-5.504696742930779,-6.8866901310369455,-6.453776539582002,-7.519409995471094
2024-06-20,-0.22041014491844071,0.009128860160353818,-0.329788801415421,-0.06028615971485889,109.45287261455192,116.99477018097942,156.32131797942222,-4.020748721026236,-4.107754121346853,-3.5496950099060283,-4.1472680948849545,-4.195939214563319,-3.869597246450465,-0.4874017853040323,-1.398356532924658,-0.8701765874092859,-0.8701765874092859,-0.8701765874092859,-1.8149213185653423,0.058862412639339376,-1.0357990107216355,2.1842566842131137,0.17784244481871891,0.5440977914507548,0.7763701638328696,1.3399651881210775,-0.7642929164991449,-5.504696742930779,-6.8866901310369455,-6.453776539582002
2024-06-21,0.2748509767355893,0.30328505231424047,-0.22041014491844071,0.009128860160353818,138.33864705331234,109.45287261455192,116.99477018097942,-3.991389639152574,-3.8424933609517216,-3.882654480595136,-4.020748721026236,-4.107754121346853,-3.5496950099060283,0.35609775342349054,-0.4874017853040323,-0.8701765874092859,-0.8701765874092859,-0.8701765874092859,-1.2322972294547048,1.535029708472776,-1.8149213185653423,0.058862412639339376,0.09355907994928483,0.17784244481871891,0.5440977914507548,0.7763701638328696,-0.030004863300567126,-0.7642929164991449,-5.504696742930779,-6.8866901310369455
2024-06-22,0.32329009604139475,0.441570694423423,0.2748509767355893,0.30328505231424047,114.36102210577722,138.33864705331234,109.45287261455192,-4.214271643700919,-4.238268059307224,-3.751077736521914,-3.991389639152574,-3.8424933609517216,-3.882654480595136,0.47482953002039424,0.35609775342349054,-0.8701765874092859,-0.8701765874092859,-0.8701765874092859,-1.6083920718829636,0.561905830928209,-1.2322972294547048,1.535029708472776,0.14648637727198568,0.09355907994928483,0.17784244481871891,0.5440977914507548,-1.7000522949517538,-0.030004863300567126,-0.7642929164991449,-5.504696742930779
2024-06-23,0.4779148303191146,0.4553707425674175,0.32329009604139475,0.441570694423423,124.18608564089075,114.36102210577722,138.33864705331234,-3.9443790847413722,-4.339857286692593,-3.5049990930261927,-4.214271643700919,-4.238268059307224,-3.751077736521914,0.6219107653133077,0.47482953002039424,-0.6414338001417978,-0.8701765874092859,-0.8701765874092859,-1.8807413512738318,0.2681055438934,-1.6083920718829636,0.561905830928209,0.10270419578555773,0.14648637727198568,0.09355907994928483,0.17784244481871891,-2.058038534039496,-1.7000522949517538,-0.030004863300567126,-0.7642929164991449
2024-06-24,0.4833497946171006,0.5593593332780272,0.4779148303191146,0.4553707425674175,122.74869900417478,124.18608564089075,114.36102210577722,-3.929197789118707,-4.077418449280389,-3.4793868260501077,-3.9443790847413722,-4.339857286692593,-3.5049990930261927,-0.09277849902725305,0.6219107653133077,-0.8701765874092859,-0.6414338001417978,-0.8701765874092859,-1.555488705300983,2.0696029136629432,-1.8807413512738318,0.2681055438934,-0.05655264125512246,0.10270419578555773,0.14648637727198568,0.09355907994928483,-0.3084016036515925,-2.058038534039496,-1.7000522949517538,-0.030004863300567126
2024-06-25,0.6296182712866653,0.8615000241702058,0.4833497946171006,0.5593593332780272,137.4775297541822,122.74869900417478,124.18608564089075,-3.9042387098746647,-4.14302815863344,-3.36488492662761,-3.929197789118707,-4.077418449280389,-3.4793868260501077,-0.16270912843019483,-0.09277849902725305,-0.8701765874092859,-0.8701765874092859,-0.6414338001417978,-1.3063619426694766,3.630327365277131,-1.555488705300983,2.0696029136629432,-0.1753955297220456,-0.05655264125512246,0.10270419578555773,0.14648637727198568,-0.21732324421857163,-0.3084016036515925,-2.058038534039496,-1.7000522949517538
2024-06-26,0.6599861343016655,1.0157633049883716,0.6296182712866653,0.8615000241702058,111.84778662968999,137.4775297541822,122.74869900417478,-3.953616517162621,-4.092233544940755,-3.217237740530177,-3.9042387098746647,-4.14302815863344,-3.36488492662761,0.09432203450805235,-0.16270912843019483,-0.8701765874092859,-0.8701765874092859,-0.8701765874092859,-1.934744008589983,1.0749814541402198,-1.3063619426694766,3.630327365277131,-0.21232008592584167,-0.1753955297220456,-0.05655264125512246,0.10270419578555773,0.7892008559141725,-0.21732324421857163,-0.3084016036515925,-2.058038534039496
2024-06-27,0.79049321450707,1.1445349502243285,0.6599861343016655,1.0157633049883716,88.88246751472009,111.84778662968999,137.4775297541822,-3.9184936891542512,-3.414972029038292,-3.6792629487262243,-3.953616517162621,-4.092233544940755,-3.217237740530177,0.7077253429877148,0.09432203450805235,-0.5668437608154431,-0.8701765874092859,-0.8701765874092859,-1.5145401254531126,1.1480732328659533,-1.934744008589983,1.0749814541402198,-0.24867761586951906,-0.21232008592584167,-0.1753955297220456,-0.05655264125512246,-0.3084016036515925,0.7892008559141725,-0.21732324421857163,-0.3084016036515925
2024-06-28,0.8534708633099893,1.2232911423247517,0.79049321450707,1.1445349502243285,92.61397581095076,88.88246751472009,111.84778662968999,-4.024325331350897,-3.670356058993179,-3.873112655643261,-3.9184936891542512,-3.414972029038292,-3.6792629487262243,1.072555175271079,0.7077253429877148,-0.855258579544015,-0.5668437608154431,-0.8701765874092859,-1.3315082182136386,0.581970240774489,-1.5145401254531126,1.1480732328659533,-0.18884422948127041,-0.24867761586951906,-0.21232008592584167,-0.1753955297220456,-2.09133957953603,-0.3084016036515925,0.7892008559141725,-0.21732324421857163
2024-06-29,0.993489131036869,1.233928499410073,0.8534708633099893,1.2232911423247517,131.26346191618444,92.61397581095076,88.88246751472009,-3.8607275727595347,-4.1797131574114905,-3.4065676356279053,-4.024325331350897,-3.670356058993179,-3.873112655643261,0.9164858059841084,1.072555175271079,-0.8701765874092859,-0.855258579544015,-0.5668437608154431,-1.6211713266677008,1.1896352246903898,-1.3315082182136386,0.581970240774489,-0.29875039637846007,-0.18884422948127041,-0.24867761586951906,-0.21232008592584167,-3.773042377111004,-2.09133957953603,-0.3084016036515925,0.7892008559141725
2024-06-30,1.1912538944298574,1.4877906248792692,0.993489131036869,1.233928499410073,120.69341140472417,131.26346191618444,92.61397581095076,-3.641422178535851,-3.5687668316078094,-3.3779421607722804,-3.8607275727595347,-4.1797131574114905,-3.4065676356279053,0.14191494073887886,0.9164858059841084,-0.8701765874092859,-0.8701765874092859,-0.855258579544015,-1.7286269959329177,1.158105437789093,-1.6211713266677008,1.1896352246903898,-0.3444420509117832,-0.29875039637846007,-0.18884422948127041,-0.24867761586951906,-4.7221221737622265,-3.773042377111004,-2.09133957953603,-0.3084016036515925
2024-07-01,1.3442481394181807,1.5576722713041238,1.1912538944298574,1.4877906248792692,90.97500446298804,120.69341140472417,131.26346191618444,-4.017558075844524,-3.371937703548656,-3.7465579247026044,-3.641422178535851,-3.5687668316078094,-3.3779421607722804,0.15496983699909958,0.14191494073887886,-0.8701765874092859,-0.8701765874092859,-0.8701765874092859,-1.5299301957315066,1.8918895693101807,-1.7286269959329177,1.158105437789093,-0.4000493954297457,-0.3444420509117832,-0.29875039637846007,-0.18884422948127041,-4.9052779239931645,-4.7221221737622265,-3.773042377111004,-2.09133957953603
2024-07-02,1.3027871260592523,1.602243748027185,1.3442481394181807,1.5576722713041238,144.9558843138036,90.97500446298804,120.69341140472417,-4.1378762764065264,-3.8403769187145267,-3.992636568198326,-4.017558075844524,-3.371937703548656,-3.7465579247026044,1.1925836007064703,0.15496983699909958,-0.8701765874092859,-0.8701765874092859,-0.8701765874092859,-1.1905241815562058,1.0018896754144868,-1.5299301957315066,1.8918895693101807,-0.4505341180934737,-0.4000493954297457,-0.3444420509117832,-0.29875039637846007,-4.072751786579811,-4.9052779239931645,-4.7221221737622265,-3.773042377111004
2024-07-03,1.4129325007339857,1.7796802054702265,1.3027871260592523,1.602243748027185,153.20113723142902,144.9558843138036,90.97500446298804,-4.019616556606919,-4.442857475569427,-3.7601173601605318,-4.1378762764065264,-3.8403769187145267,-3.992636568198326,0.31000778107363713,1.1925836007064703,-0.8701765874092859,-0.8701765874092859,-0.8701765874092859,-0.6764683519894852,1.7242084298805578,-1.1905241815562058,1.0018896754144868,-0.38052818367113034,-0.4505341180934737,-0.4000493954297457,-0.3444420509117832,-2.7407099667184456,-4.072751786579811,-4.9052779239931645,-4.7221221737622265
2024-07-04,1.3559333126588518,1.7925323267240723,1.4129325007339857,1.7796802054702265,123.05764948554209,153.20113723142902,144.9558843138036,-4.124882116593906,-4.461905455704183,-3.868592843823951,-4.019616556606919,-4.442857475569427,-3.7601173601605318,-0.787988561498727,0.31000778107363713,-0.2684836035100238,-0.8701765874092859,-0.8701765874092859,-0.6080375037873395,1.9434837660577566,-0.6764683519894852,1.7242084298805578,-0.5189116694098352,-0.38052818367113034,-0.4505341180934737,-0.4000493954297457,1.838183789054998,-2.7407099667184456,-4.072751786579811,-4.9052779239931645
2024-07-05,1.2165944154692199,1.7045621352526397,1.3559333126588518,1.7925323267240723,127.98990149659039,123.05764948554209,153.20113723142902,-4.305513803494089,-4.597357758884676,-3.976063924860858,-4.124882116593906,-4.461905455704183,-3.868592843823951,-1.4246726104875858,-0.787988561498727,0.36801806540820386,-0.2684836035100238,-0.8701765874092859,-1.1362467015565123,1.158105437789093,-0.6080375037873395,1.9434837660577566,-0.5983050385830322,-0.5189116694098352,-0.38052818367113034,-0.4505341180934737,2.753962540209687,1.838183789054998,-2.7407099667184456,-4.072751786579811
2024-07-06,1.1911859573761319,1.4427093154445627,1.2165944154692199,1.7045621352526397,138.77906582462316,127.98990149659039,123.05764948554209,-4.027207204418251,-4.547268625937723,-3.7746811982449726,-4.305513803494089,-4.597357758884676,-3.976063924860858,-1.1457752330457636,-1.4246726104875858,1.586322041071999,0.36801806540820386,-0.2684836035100238,-0.6882857273818239,2.227251848169427,-1.1362467015565123,1.158105437789093,-0.6458819342717926,-0.5983050385830322,-0.5189116694098352,-0.38052818367113034,0.6127053147825416,2.753962540209687,1.838183789054998,-2.7407099667184456
2024-07-07,0.9766407417131102,1.0481506440263768,1.1911859573761319,1.4427093154445627,45.72142792625749,138.77906582462316,127.98990149659039,-4.044781483927201,-4.212870752460882,-2.6849043484782094,-4.027207204418251,-4.547268625937723,-3.7746811982449726,-1.282954786299323,-1.1457752330457636,0.954793041442195,1.586322041071999,0.36801806540820386,-0.7196155133056975,2.0796351185860833,-0.6882857273818239,2.227251848169427,-0.6595777993238897,-0.6458819342717926,-0.5983050385830322,-0.5189116694098352,3.819595996098779,0.6127053147825416,2.753962540209687,1.838183789054998
2024-07-08,0.8010913948881424,0.9103549434901066,0.9766407417131102,1.0481506440263768,125.93023162080831,45.72142792625749,138.77906582462316,-4.135277444444001,-4.48871372404199,-3.748064528642374,-4.044781483927201,-4.212870752460882,-2.6849043484782094,-0.9399027606441822,-1.282954786299323,0.954793041442195,0.954793041442195,1.586322041071999,-1.6416456165916362,-0.4126512187482338,-0.7196155133056975,2.0796351185860833,-0.6715725855956307,-0.6595777993238897,-0.6458819342717926,-0.5983050385830322,0.4412049304753909,3.819595996098779,0.6127053147825416,2.753962540209687
2024-07-09,0.8818006147132438,0.6087469112064798,0.8010913948881424,0.9103549434901066,102.79838600524329,125.93023162080831,45.72142792625749,-4.170528927500021,-4.480247955093208,-3.775183399558229,-4.135277444444001,-4.48871372404199,-3.748064528642374,-0.8443927859729072,-0.9399027606441822,0.954793041442195,0.954793041442195,0.954793041442195,-1.7897750430211807,1.9334515611346172,-1.6416456165916362,-0.4126512187482338,-0.6774706279765234,-0.6715725855956307,-0.6595777993238897,-0.6458819342717926,5.018433633974007,0.4412049304753909,3.819595996098779,0.6127053147825416
2024-07-10,0.6360722913905242,0.3948558659807329,0.8818006147132438,0.6087469112064798,94.56847105477799,102.79838600524329,125.93023162080831,-4.065469215589272,-4.39135738113101,-3.5436685941469497,-4.170528927500021,-4.480247955093208,-3.775183399558229,-0.3446820051951203,-0.8443927859729072,1.1039731200949048,0.954793041442195,0.954793041442195,-1.70787788332544,1.9334515611346172,-1.7897750430211807,1.9334515611346172,-0.6853702245918517,-0.6774706279765234,-0.6715725855956307,-0.6595777993238897,5.268191475198014,5.018433633974007,0.4412049304753909,3.819595996098779
2024-07-11,0.7101625011241495,0.34079664216589134,0.6360722913905242,0.3948558659807329,109.26005245596805,94.56847105477799,102.79838600524329,-3.751602361343057,-4.3137544991005194,-3.3809553686518194,-4.065469215589272,-4.39135738113101,-3.5436685941469497,-0.11429108202942237,-0.3446820051951203,1.5117320017456441,1.1039731200949048,0.954793041442195,-1.8021420637806043,0.10042440446377587,-1.70787788332544,1.9334515611346172,-0.6901729854788399,-0.6853702245918517,-0.6774706279765234,-0.6715725855956307,3.103623517923295,5.268191475198014,5.018433633974007,0.4412049304753909
2024-07-12,1.1909821462149577,0.4371809483638413,0.7101625011241495,0.34079664216589134,148.20095993724323,109.26005245596805,94.56847105477799,-3.5961356017631556,-4.060486911382827,-3.2373257930604398,-3.751602361343057,-4.3137544991005194,-3.3809553686518194,-0.888861947274652,-0.11429108202942237,1.427196623842442,1.5117320017456441,1.1039731200949048,-1.1578202822146182,1.27419238047114,-1.8021420637806043,0.10042440446377587,-0.6953586102508653,-0.6901729854788399,-0.6853702245918517,-0.6774706279765234,5.334793566191082,3.103623517923295,5.268191475198014,5.018433633974007
2024-07-13,1.2983906281539168,0.39208235646433387,1.1909821462149577,0.4371809483638413,142.73845249008934,148.20095993724323,109.26005245596805,-3.5123039727146086,-4.018863547384655,-3.1167974778788623,-3.5961356017631556,-4.060486911382827,-3.2373257930604398,-1.3021687645423559,-0.888861947274652,1.6808027575520483,1.427196623842442,1.5117320017456441,-1.967997553298656,0.19501376516766591,-1.1578202822146182,1.27419238047114,-0.7031855111918196,-0.6953586102508653,-0.6901729854788399,-0.6853702245918517,1.2604106496901304,5.334793566191082,3.103623517923295,5.268191475198014
2024-07-14,0.8522479963429423,0.26356130696799834,1.2983906281539168,0.39208235646433387,136.64489725120646,142.73845249008934,148.20095993724323,-3.597962503439781,-3.8558974951206246,-3.2574138455907025,-3.5123039727146086,-4.018863547384655,-3.1167974778788623,-1.669768710253397,-1.3021687645423559,1.2979072223434271,1.6808027575520483,1.427196623842442,-1.303888538517592,0.49884625712561664,-1.967997553298656,0.19501376516766591,-0.7060836454102039,-0.7031855111918196,-0.6953586102508653,-0.6901729854788399,1.082250056283673,1.2604106496901304,5.334793566191082,3.103623517923295
2024-07-15,0.9423325295820705,0.43159871223295837,0.8522479963429423,0.26356130696799834,83.8647611152085,136.64489725120646,142.73845249008934,-3.6997029151211667,-3.5539517359474435,-3.5130343140382982,-3.597962503439781,-3.8558974951206246,-3.2574138455907025,-0.9755606037025721,-1.669768710253397,1.5664313639183043,1.2979072223434271,1.6808027575520483,-1.8116234463628293,0.7295869703578332,-1.303888538517592,0.49884625712561664,-0.7081482025624308,-0.7060836454102039,-0.7031855111918196,-0.6953586102508653,0.8924340969534285,1.082250056283673,1.2604106496901304,5.334793566191082
2024-07-16,0.5659612519464967,0.19096631356931,0.9423325295820705,0.43159871223295837,100.94687425520517,83.8647611152085,136.64489725120646,-3.9872212156087223,-3.852370091391966,-3.7771922048112554,-3.6997029151211667,-3.5539517359474435,-3.5130343140382982,-0.08882961392822479,-0.9755606037025721,1.6360487339562355,1.5664313639183043,1.2979072223434271,-1.8606792953752107,0.8026787490835673,-1.8116234463628293,0.7295869703578332,-0.703854311396062,-0.7081482025624308,-0.7060836454102039,-0.7031855111918196,7.56596361445887,0.8924340969534285,1.082250056283673,1.2604106496901304
2024-07-17,0.240203079335925,0.08876645796565413,0.5659612519464967,0.19096631356931,114.3916980400974,100.94687425520517,83.8647611152085,-3.953590786153091,-4.083767775991974,-3.6285406160873106,-3.9872212156087223,-3.852370091391966,-3.7771922048112554,0.5684534700175067,-0.08882961392822479,1.4620053088614076,1.6360487339562355,1.5664313639183043,-1.921277697096388,0.5203438391037737,-1.8606792953752107,0.8026787490835673,-0.694762505720997,-0.703854311396062,-0.7081482025624308,-0.7060836454102039,7.432759432472732,7.56596361445887,0.8924340969534285,1.082250056283673
2024-07-18,0.48864888480763824,0.28177702486877737,0.240203079335925,0.08876645796565413,98.33941983799176,114.3916980400974,100.94687425520517,-3.937689022263587,-4.051315661688315,-3.639086843665698,-3.953590786153091,-4.083767775991974,-3.6285406160873106,0.3121295700820703,0.5684534700175067,1.4620053088614076,1.4620053088614076,1.6360487339562355,-1.8833521667674877,-0.29656427606618724,-1.921277697096388,0.5203438391037737,-0.7054536162322942,-0.694762505720997,-0.703854311396062,-0.7081482025624308,3.603139200371307,7.432759432472732,7.56596361445887,0.8924340969534285
2024-07-19,0.3792022912569323,0.014451859319215072,0.48864888480763824,0.28177702486877737,72.31308070550321,98.33941983799176,114.3916980400974,-4.054507805529519,-3.9335003771511152,-3.5702852637495472,-3.937689022263587,-4.051315661688315,-3.639086843665698,0.34929034702143436,0.3121295700820703,1.6261033953793882,1.4620053088614076,1.4620053088614076,-1.8892608544636569,1.765770421704993,-1.8833521667674877,-0.29656427606618724,-0.7072419298218993,-0.7054536162322942,-0.694762505720997,-0.703854311396062,3.320080313650767,3.603139200371307,7.432759432472732,7.56596361445887
2024-07-20,0.0821135553182388,0.09732991927479624,0.3792022912569323,0.014451859319215072,142.8940232998558,72.31308070550321,98.33941983799176,-3.8712515556572806,-4.030856720062094,-3.635571434472902,-4.054507805529519,-3.9335003771511152,-3.5702852637495472,0.5453495452590124,0.34929034702143436,1.6609120803983537,1.6261033953793882,1.4620053088614076,-1.416153604744807,0.16348397826636885,-1.8892608544636569,1.765770421704993,-0.7099995190698267,-0.7072419298218993,-0.7054536162322942,-0.694762505720997,1.4552217658448554,3.320080313650767,3.603139200371307,7.432759432472732
2024-07-21,0.22206388599139423,0.2998199181215403,0.0821135553182388,0.09732991927479624,73.09750816883297,142.8940232998558,72.31308070550321,-4.133399080748316,-3.9229181659651395,-4.033817075885364,-3.8712515556572806,-4.030856720062094,-3.635571434472902,-0.042533356535885025,0.5453495452590124,0.8006402935010618,1.6609120803983537,1.6261033953793882,-1.4025498819094402,2.3103758318182996,-1.416153604744807,0.16348397826636885,-0.7108621744057337,-0.7099995190698267,-0.7072419298218993,-0.7054536162322942,5.467997748177218,1.4552217658448554,3.320080313650767,3.603139200371307
2024-07-22,-0.05763296419374186,0.29684733417568154,0.22206388599139423,0.2998199181215403,122.84949135979815,73.09750816883297,142.8940232998558,-4.279962911030858,-4.406877957537107,-3.817870511185038,-4.133399080748316,-3.9229181659651395,-4.033817075885364,0.3644670322900873,-0.042533356535885025,0.9249570257116532,0.8006402935010618,1.6609120803983537,-1.9586535820582025,2.0911004956410997,-1.4025498819094402,2.3103758318182996,-0.7126844126433801,-0.7108621744057337,-0.7099995190698267,-0.7072419298218993,6.0174649988700315,5.467997748177218,1.4552217658448554,3.320080313650767
2024-07-23,0.20433231496921295,0.0741109278139845,-0.05763296419374186,0.29684733417568154,127.83433068682388,122.84949135979815,73.09750816883297,-4.089656364547417,-4.363843632047471,-3.5029902877731676,-4.279962911030858,-4.406877957537107,-3.817870511185038,0.6016064232742744,0.3644670322900873,1.427196623842442,0.9249570257116532,0.8006402935010618,-1.853533905603099,0.7295869703578332,-1.9586535820582025,2.0911004956410997,-0.5959157740852672,-0.7126844126433801,-0.7108621744057337,-0.7099995190698267,5.018433633974007,6.0174649988700315,5.467997748177218,1.4552217658448554
2024-07-24,0.13116410810756854,0.08505936926573311,0.20433231496921295,0.0741109278139845,81.99572025984457,127.83433068682388,122.84949135979815,-3.956112425087025,-4.279891423305396,-3.5029902877731676,-4.089656364547417,-4.363843632047471,-3.5029902877731676,0.3288975971070487,0.6016064232742744,1.5017866631687968,1.427196623842442,0.9249570257116532,-1.9549434758303752,2.5611809548967965,-1.853533905603099,0.7295869703578332,-0.47041880822396004,-0.5959157740852672,-0.7126844126433801,-0.7108621744057337,8.63159707034796,5.018433633974007,6.0174649988700315,5.467997748177218
2024-07-25,0.34132253115864375,0.031156596011635042,0.13116410810756854,0.08505936926573311,96.18114874475205,81.99572025984457,127.83433068682388,-3.7164538023251574,-4.279891423305396,-3.2373257930604398,-3.956112425087025,-4.279891423305396,-3.5029902877731676,-0.2438086194191948,0.3288975971070487,0.9100390178463822,1.5017866631687968,1.427196623842442,-1.7529488034264515,4.6980406035255875,-1.9549434758303752,2.5611809548967965,-0.49280907593121,-0.47041880822396004,-0.5959157740852672,-0.7126844126433801,2.587457312727016,8.63159707034796,5.018433633974007,6.0174649988700315
2024-07-26,0.3486306170807579,0.038267095815678664,0.34132253115864375,0.031156596011635042,66.41672790153565,96.18114874475205,81.99572025984457,-3.6924210394241936,-3.5278489483553694,-3.670725526400862,-3.7164538023251574,-4.279891423305396,-3.2373257930604398,-0.7823009881844539,-0.2438086194191948,1.7951741511857924,0.9100390178463822,1.5017866631687968,-1.878267947121947,-0.004197161163254175,-1.7529488034264515,4.6980406035255875,-0.4989058198220586,-0.49280907593121,-0.47041880822396004,-0.5959157740852672,2.654059403720084,2.587457312727016,8.63159707034796,5.018433633974007
2024-07-27,0.3660904398880388,0.14419132258405631,0.3486306170807579,0.038267095815678664,71.690797466437175,66.41672790153565,96.18114874475205,-3.698339171616079,-3.8107467273937936,-2.7351244798038667,-3.6924210394241936,-3.5278489483553694,-3.670725526400862,-0.26039983069347056,-0.7823009881844539,1.5017866631687968,1.7951741511857924,0.9100390178463822,-1.356104848390715,1.7141762249574166,-1.878267947121947,-0.004197161163254175,-0.5157809090334535,-0.4989058198220586,-0.49280907593121,-0.47041880822396004,7.699167796445006,2.654059403720084,2.587457312727016,8.63159707034796
2024-07-28,0.2772967106696833,0.32341912380798504,0.3660904398880388,0.14419132258405631,125.35615342138823,71.690797466437175,66.41672790153565,-3.809059705623414,-4.109870563584048,-3.46733399453195,-3.698339171616079,-3.8107467273937936,-2.7351244798038667,-0.21254170083658963,-0.26039983069347056,0.9896017264611606,1.5017866631687968,1.7951741511857924,-1.3805640672260202,0.7295869703578332,-1.356104848390715,1.7141762249574166,-0.5243250739615666,-0.5157809090334535,-0.4989058198220586,-0.49280907593121,8.032178251410347,7.699167796445006,2.654059403720084,2.587457312727016
2024-07-29,0.2918352401667972,0.34885027076338804,0.2772967106696833,0.32341912380798504,92.5548150804762,125.35615342138823,71.690797466437175,-3.8016491748787913,-4.394884784859668,-3.320691211061031,-3.809059705623414,-4.109870563584048,-3.46733399453195,-1.0039690009821494,-0.21254170083658963,1.0293830807685498,0.9896017264611606,1.5017866631687968,-1.395404492137329,1.347284159196873,-1.3805640672260202,0.7295869703578332,-0.5330485548864691,-0.5243250739615666,-0.5157809090334535,-0.4989058198220586,7.682517273696739,8.032178251410347,7.699167796445006,2.654059403720084
2024-07-30,0.34258421929924765,0.29782379343696713,0.2918352401667972,0.34885027076338804,85.19697311996968,92.5548150804762,125.35615342138823,-3.760170787516527,-4.480247955093208,-3.332744042579189,-3.8016491748787913,-4.394884784859668,-3.320691211061031,-1.8985977609545537,-1.0039690009821494,1.4968139938803733,1.0293830807685498,0.9896017264611606,-1.257031270973552,2.981100389536793,-1.395404492137329,1.347284159196873,-0.5427364650914026,-0.5330485548864691,-0.5243250739615666,-0.5157809090334535,8.065479296906881,7.682517273696739,8.032178251410347,7.699167796445006
2024-07-31,0.5228891598849538,0.09446967135014835,0.34258421929924765,0.29782379343696713,-1.429674261991429,85.19697311996968,92.5548150804762,-3.739869020997404,-4.330686036998081,-3.316673600554978,-3.760170787516527,-4.480247955093208,-3.332744042579189,-2.005865983047562,-1.8985977609545537,1.8498735133584527,1.4968139938803733,1.0293830807685498,-1.6549745167434597,1.2011006017454064,-1.257031270973552,2.981100389536793,-0.5505827515455233,-0.5427364650914026,-0.5330485548864691,-0.5243250739615666,9.014559093558104,8.065479296906881,7.682517273696739,8.032178251410347
2024-08-01,0.7466058778008267,0.013682789635548788,0.5228891598849538,0.09446967135014835,-2.6742407401235626,-1.429674261991429,85.19697311996968,-3.576914537644289,-4.197350176054783,-3.0615553334206393,-3.739869020997404,-4.330686036998081,-3.316673600554978,-1.903548601974231,-2.005865983047562,1.8548461826468763,1.8498735133584527,1.4968139938803733,-1.942988689096265,0.49884625712561664,-1.6549745167434597,1.2011006017454064,-0.5590202961512207,-0.5505827515455233,-0.5427364650914026,-0.5330485548864691,9.03120961630637,9.014559093558104,8.065479296906881,7.682517273696739
2024-08-02,0.7577475546116997,-0.009268323620839245,0.7466058778008267,0.013682789635548788,141.29449243887615,-2.6742407401235626,-1.429674261991429,-3.404388118746037,-3.8558974951206246,-3.101731438481165,-3.576914537644289,-4.197350176054783,-3.0615553334206393,-1.8554841870748637,-1.903548601974231,1.785228812608945,1.8548461826468763,1.8498735133584527,-1.8175321340589983,0.08035999461749586,-1.942988689096265,0.49884625712561664,-0.5649522631801546,-0.5590202961512207,-0.5505827515455233,-0.5427364650914026,9.014559093558104,9.03120961630637,9.014559093558104,8.065479296906881
2024-08-03,0.7828842644898881,0.12845563838229304,0.7577475546116997,-0.009268323620839245,131.11884679724653,141.29449243887615,-2.6742407401235626,-3.4932630256624524,-3.89046605166148,-3.1519515698068226,-3.404388118746037,-3.8558974951206246,-3.101731438481165,-1.7190413661158996,-1.8554841870748637,1.9493268991269257,1.785228812608945,1.8548461826468763,-1.7095268194266962,0.5088784620487561,-1.8175321340589983,0.08035999461749586,-0.5672688320035454,-0.5649522631801546,-0.5590202961512207,-0.5505827515455233,8.548344456606625,9.014559093558104,9.03120961630637,9.014559093558104
2024-08-04,0.8281982793243512,0.3174653146838695,0.7828842644898881,0.12845563838229304,119.074160300253,131.11884679724653,141.29449243887615,-3.620914563940488,-3.7105684614998884,-3.3573519069287605,-3.4932630256624524,-3.89046605166148,-3.1519515698068226,-1.3799382255597872,-1.7190413661158996,1.2531531987476143,1.9493268991269257,1.785228812608945,-1.381251123934877,1.4103437329994664,-1.7095268194266962,0.5088784620487561,-0.5734915817299759,-0.5672688320035454,-0.5649522631801546,-0.5590202961512207,9.131112752795973,8.548344456606625,9.014559093558104,9.03120961630637
2024-08-05,0.6531244918754571,0.2144359007697422,0.8281982793243512,0.3174653146838695,115.27034444455336,119.074160300253,131.11884679724653,-3.756336867096566,-3.708452019262693,-3.3573519069287605,-3.620914563940488,-3.7105684614998884,-3.3573519069287605,-0.642410260086786,-1.3799382255597872,1.0592190964990917,1.2531531987476143,1.9493268991269257,-1.9754177657543102,0.5934356178295067,-1.381251123934877,1.4103437329994664,-0.5761861680601125,-0.5734915817299759,-0.5672688320035454,-0.5649522631801546,7.133050023003926,9.131112752795973,8.548344456606625,9.014559093558104
2024-08-06,0.8120971975915657,0.2665511733786579,0.6531244918754571,0.2144359007697422,98.44459446994657,115.27034444455336,119.074160300253,-3.7617918411169136,-3.8015754776992816,-3.351827692482938,-3.756336867096566,-3.708452019262693,-3.3573519069287605,0.5633258132471262,-0.642410260086786,1.0641917657875155,1.0592190964990917,1.2531531987476143,-2.173702331930407,0.16348397826636885,-1.9754177657543102,0.5934356178295067,-0.5527490826418742,-0.5761861680601125,-0.5734915817299759,-0.5672688320035454,7.149700545752192,7.133050023003926,9.131112752795973,8.548344456606625
2024-08-07,0.9246688956136141,0.2990681309026748,0.8120971975915657,0.2665511733786579,81.5443457977051,98.44459446994657,115.27034444455336,-3.8985778877780777,-3.7430205758035475,-3.5512016138457976,-3.7617918411169136,-3.8015754776992816,-3.351827692482938,0.4974619461103482,0.5633258132471262,1.0641917657875155,1.0641917657875155,1.0592190964990917,-1.6331261134018107,2.8965432337560437,-2.173702331930407,0.16348397826636885,-0.5497007106964499,-0.5527490826418742,-0.5761861680601125,-0.5734915817299759,7.665866750948472,7.149700545752192,7.133050023003926,9.131112752795973
2024-08-08,0.29968682251871,0.3406469537207549,0.9246688956136141,0.2990681309026748,88.08270208423028,81.5443457977051,98.44459446994657,-3.9453054010844495,-4.115514409549902,-3.5125321127250415,-3.8985778877780777,-3.7430205758035475,-3.5512016138457976,0.5182967354014903,0.4974619461103482,1.486868655303526,1.0641917657875155,1.0641917657875155,-2.0155418775515526,0.9904242983594698,-1.6331261134018107,2.8965432337560437,-0.5658343040292281,-0.5497007106964499,-0.5527490826418742,-0.5761861680601125,7.632565705451937,7.665866750948472,7.149700545752192,7.133050023003926
2024-08-09,0.3450978902870659,0.08185347204505548,0.29968682251871,0.3406469537207549,61.98624653043853,88.08270208423028,81.5443457977051,-4.154189736448508,-3.8763564367468453,-4.049385316596318,-3.9453054010844495,-4.115514409549902,-3.5125321127250415,0.11810375297757372,0.5182967354014903,1.4222239545540185,1.486868655303526,1.0641917657875155,-1.9431261004380371,0.6765596014783797,-2.0155418775515526,0.9904242983594698,-0.49419998650090285,-0.5658343040292281,-0.5497007106964499,-0.5527490826418742,8.698199161341028,7.632565705451937,7.665866750948472,7.149700545752192
2024-08-10,0.18272833188471654,0.032365134085966356,0.3450978902870659,0.08185347204505548,100.83074393242173,61.98624653043853,88.08270208423028,-4.109726551980771,-3.994171721284044,-3.616487784569152,-4.154189736448508,-3.8763564367468453,-4.049385316596318,0.6391208317150436,0.11810375297757372,1.2630985373244616,1.4222239545540185,1.486868655303526,-1.8040658225654034,2.50958675814922,-1.9431261004380371,0.6765596014783797,-0.5467734982083159,-0.49419998650090285,-0.5658343040292281,-0.5497007106964499,8.881354911571966,8.698199161341028,7.632565705451937,7.665866750948472
2024-08-11,-0.01918059178548665,-0.025254603562224618,0.18272833188471654,0.032365134085966356,80.78182971603262,100.83074393242173,61.98624653043853,-4.133193232672077,-4.124685659244414,-3.7435447168230653,-4.109726551980771,-3.994171721284044,-3.616487784569152,0.7839624008323888,0.6391208317150436,0.9647383800190423,1.2630985373244616,1.4222239545540185,-1.6071553698070207,2.5511487499736565,-1.8040658225654034,2.50958675814922,-0.5121218934232861,-0.5467734982083159,-0.49419998650090285,-0.5658343040292281,8.01552772866208,8.881354911571966,8.698199161341028,7.632565705451937
2024-08-12,0.10154355268354152,-0.037196786740059634,-0.01918059178548665,-0.025254603562224618,122.49014470061915,80.78182971603262,100.83074393242173,-3.9720141889765284,-3.9179798007450173,-3.6426022528584934,-4.133193232672077,-4.124685659244414,-3.7435447168230653,0.9344326046804384,0.7839624008323888,0.9647383800190423,0.9647383800190423,1.2630985373244616,-1.883626989451031,2.4880891761710635,-1.6071553698070207,2.5511487499736565,-0.517864851698847,-0.5121218934232861,-0.5467734982083159,-0.49419998650090285,7.682517273696739,8.01552772866208,8.881354911571966,8.698199161341028
2024-08-13,0.16785011711897813,-0.07704150933991222,0.10154355268354152,-0.037196786740059634,56.532503635947535,122.49014470061915,80.78182971603262,-4.181130103426356,-3.7430205758035475,-3.9142931633303006,-3.9720141889765284,-3.9179798007450173,-3.6426022528584934,0.7390217308621033,0.9344326046804384,1.2730438759013087,0.9647383800190423,0.9647383800190423,-2.157900027626699,2.1326624874655375,-1.883626989451031,2.4880891761710635,-0.5334071868800484,-0.517864851698847,-0.5121218934232861,-0.5467734982083159,7.815721455682875,7.682517273696739,8.01552772866208,8.881354911571966
2024-08-14,0.11587827101948063,-0.25169809862384435,0.16785011711897813,-0.07704150933991222,85.39198441671924,56.532503635947535,122.49014470061915,-4.101852863064609,-3.7514863447523283,-3.9765661261741148,-4.181130103426356,-3.7430205758035475,-3.9142931633303006,1.815947529809055,0.7390217308621033,1.3526065845160873,1.2730438759013087,0.9647383800190423,-1.6402715031739226,0.14341956842009,-2.157900027626699,2.1326624874655375,-0.5203898147887771,-0.5334071868800484,-0.517864851698847,-0.5121218934232861,8.548344456606625,7.815721455682875,7.682517273696739,8.01552772866208
2024-08-15,-0.0053214328256197835,-0.3968621617240215,0.11587827101948063,-0.25169809862384435,103.54556411975574,85.39198441671924,56.532503635947535,-4.196517247125261,-4.260843443170639,-3.7355094958109603,-4.101852863064609,-3.7514863447523283,-3.9765661261741148,1.0104928467744099,1.815947529809055,1.8100921590510635,1.3526065845160873,1.2730438759013087,-2.1660072967912103,-0.841169686179494,-1.6402715031739226,0.14341956842009,-0.4644965339516095,-0.5203898147887771,-0.5334071868800484,-0.517864851698847,8.848053866075432,8.548344456606625,7.815721455682875,7.682517273696739
2024-08-16,0.015399368560453432,-0.22161796863683794,-0.0053214328256197835,-0.3968621617240215,83.31040315927994,103.54556411975574,85.39198441671924,-3.745169608960571,-3.884822205695626,-3.4166116618930356,-4.196517247125261,-4.260843443170639,-3.7355094958109603,0.7791589062716298,1.0104928467744099,1.4719506474382549,1.8100921590510635,1.3526065845160873,-1.6335383474271246,1.1265756508877964,-2.1660072967912103,-0.841169686179494,-0.45480862374667597,-0.4644965339516095,-0.5203898147887771,-0.5334071868800484,8.881354911571966,8.848053866075432,8.548344456606625,7.815721455682875
2024-08-17,0.13231903802089068,-0.19200446519947253,0.015399368560453432,-0.22161796863683794,50.89251399736987,83.31040315927994,103.54556411975574,-3.881724076535966,-4.195233733817588,-3.3076339769163607,-3.745169608960571,-3.884822205695626,-3.4166116618930356,-0.41585034485298134,0.7791589062716298,1.4719506474382549,1.4719506474382549,1.8100921590510635,-1.55919881152881,1.7342406348036972,-1.6335383474271246,1.1265756508877964,-0.5039848242716686,-0.45480862374667597,-0.4644965339516095,-0.5203898147887771,9.014559093558104,8.881354911571966,8.848053866075432,8.548344456606625
2024-08-18,-0.03718391102256686,-0.2342687328715332,0.13231903802089068,-0.19200446519947253,15.385120021786735,50.89251399736987,83.31040315927994,-3.8511813682239264,-3.893287974644407,-3.4698450010982325,-3.881724076535966,-4.195233733817588,-3.3076339769163607,-0.35667600695112395,-0.41585034485298134,1.1934811672865304,1.4719506474382549,1.4719506474382549,-1.7436048321859974,1.3888461510213095,-1.55919881152881,1.7342406348036972,-0.5395233162840635,-0.5039848242716686,-0.45480862374667597,-0.4644965339516095,8.065479296906881,9.014559093558104,8.881354911571966,8.848053866075432
2024-08-19,0.273831920929717,-0.13213800712708543,-0.03718391102256686,-0.2342687328715332,92.30064305325203,15.385120021786735,50.89251399736987,-3.9367112439014504,-3.6851711546535455,-3.622514200328231,-3.8511813682239264,-3.893287974644407,-3.4698450010982325,0.6190522440102804,-0.35667600695112395,0.8901483406926876,1.1934811672865304,1.4719506474382549,-1.8708477346662926,3.0126301764380905,-1.7436048321859974,1.3888461510213095,-0.5517701142269684,-0.5395233162840635,-0.5039848242716686,-0.45480862374667597,7.765769887438074,8.065479296906881,9.014559093558104,8.881354911571966
2024-08-20,0.18225277250864214,-0.016838043203895786,0.273831920929717,-0.13213800712708543,33.987883048796974,92.30064305325203,15.385120021786735,-3.9124983639337754,-4.039322489010875,-3.4211314737123453,-3.9367112439014504,-3.6851711546535455,-3.622514200328231,1.0601191341383183,0.6190522440102804,1.6062127182256936,0.8901483406926876,1.1934811672865304,-1.9003911731471388,0.8442407409080027,-1.8708477346662926,3.0126301764380905,-0.5524582999443773,-0.5517701142269684,-0.5395233162840635,-0.5039848242716686,7.84902250117941,7.765769887438074,8.065479296906881,9.014559093558104
2024-08-21,0.2029056368409919,-0.12586447240414222,0.18225277250864214,-0.016838043203895786,16.625304223587406,33.987883048796974,92.30064305325203,-3.929841064356956,-3.860835860340747,-3.5979063359786596,-3.9124983639337754,-4.039322489010875,-3.4211314737123453,0.3075323605637987,1.0601191341383183,1.844900844070029,1.6062127182256936,0.8901483406926876,-1.4204133563397197,1.7758026266281326,-1.9003911731471388,0.8442407409080027,-0.5459544602770333,-0.5524582999443773,-0.5517701142269684,-0.5395233162840635,8.74815072958583,7.84902250117941,7.765769887438074,8.065479296906881
2024-08-22,-0.14968767199088964,-0.24347905214896048,0.2029056368409919,-0.12586447240414222,3.594605552017342,16.625304223587406,33.987883048796974,-4.103113682531576,-3.6611848092986667,-3.7997912639078013,-3.929841064356956,-3.860835860340747,-3.5979063359786596,0.29049910991276595,0.3075323605637987,1.8001468204742161,1.844900844070029,1.6062127182256936,-2.014579998159153,3.273467504439726,-1.4204133563397197,1.7758026266281326,-0.5567279592192881,-0.5459544602770333,-0.5524582999443773,-0.5517701142269684,8.947957002565035,8.74815072958583,7.84902250117941,7.765769887438074
2024-08-23,-0.2738766061998849,-0.38536068139862634,-0.14968767199088964,-0.24347905214896048,63.42801544348596,3.594605552017342,16.625304223587406,-4.139342943949733,-3.618150483809031,-3.916301968583326,-4.103113682531576,-3.6611848092986667,-3.7997912639078013,1.214214060875774,0.29049910991276595,1.7951741511857924,1.8001468204742161,1.844900844070029,-1.8281128073753947,1.8187977905844461,-2.014579998159153,3.273467504439726,-0.5640702223310811,-0.5567279592192881,-0.5459544602770333,-0.5524582999443773,8.8647043888237,8.947957002565035,8.74815072958583,7.84902250117941
2024-08-24,-0.207230356495823,-0.36008507662643535,-0.2738766061998849,-0.38536068139862634,29.01399941259989,63.42801544348596,3.594605552017342,-3.988018876904152,-3.8093357659023304,-3.8193771151248077,-4.139342943949733,-3.618150483809031,-3.916301968583326,1.5331896751435559,1.214214060875774,1.3376885766508162,1.7951741511857924,1.8001468204742161,-1.7812555398313552,0.6564951916320991,-1.8281128073753947,1.8187977905844461,-0.5508299168383956,-0.5640702223310811,-0.5567279592192881,-0.5459544602770333,9.08116118455117,8.8647043888237,8.947957002565035,8.74815072958583
2024-08-25,-0.20274651094998508,-0.4149828260683921,-0.207230356495823,-0.36008507662643535,56.015395028836295,29.01399941259989,63.42801544348596,-4.140578032407169,-3.7987535547163547,-3.932372410607537,-3.988018876904152,-3.8093357659023304,-3.8193771151248077,0.7648662997564909,1.5331896751435559,1.1338091358254465,1.3376885766508162,1.7951741511857924,-1.8044780565907175,2.2688138399938635,-1.7812555398313552,0.6564951916320991,-0.5384280347901591,-0.5508299168383956,-0.5640702223310811,-0.5567279592192881,8.24863504713782,9.08116118455117,8.8647043888237,8.947957002565035
2024-08-26,-0.20627923774367563,-0.3267644844891481,-0.20274651094998508,-0.4149828260683921,31.923830896683466,56.015395028836295,29.01399941259989,-4.10998386207607,-3.745137018040743,-3.8525224017997415,-4.140578032407169,-3.7987535547163547,-3.932372410607537,0.959393094821312,0.7648662997564909,0.9050663485579585,1.1338091358254465,1.3376885766508162,-1.8437777003373315,1.8187977905844461,-1.8044780565907175,2.2688138399938635,-0.5648504892360307,-0.5384280347901591,-0.5508299168383956,-0.5640702223310811,7.216302636745261,8.24863504713782,9.08116118455117,8.8647043888237
2024-08-27,-0.1297821152495147,-0.34941315461151,-0.20627923774367563,-0.3267644844891481,46.31084409283768,31.923830896683466,56.015395028836295,-4.091869231366991,-4.397706707842595,-3.581333692641192,-4.10998386207607,-3.745137018040743,-3.8525224017997415,0.6956724026481432,0.959393094821312,0.9000936792695349,0.9050663485579585,1.1338091358254465,-2.0057856722857847,-0.07728893988898773,-1.8437777003373315,1.8187977905844461,-0.5139102070128911,-0.5648504892360307,-0.5384280347901591,-0.5508299168383956,7.632565705451937,7.216302636745261,8.24863504713782,9.08116118455117
2024-08-28,0.059286705266696105,-0.21977738613547843,-0.1297821152495147,-0.34941315461151,125.89955568648816,46.31084409283768,31.923830896683466,-4.012411873938535,-4.382891612182229,-3.581333692641192,-4.091869231366991,-4.397706707842595,-3.581333692641192,-0.25547845896557747,0.6956724026481432,1.1338091358254465,0.9000936792695349,0.9050663485579585,-1.7139239823633803,0.4472520603780401,-2.0057856722857847,-0.07728893988898773,-0.5553806660542198,-0.5139102070128911,-0.5648504892360307,-0.5384280347901591,7.882323546675943,7.632565705451937,7.216302636745261,8.24863504713782
2024-08-29,0.09284760980676245,-0.25920732958009485,0.059286705266696105,-0.21977738613547843,7.472920105351631,125.89955568648816,46.31084409283768,-4.04501306301297,-4.296822961202957,-3.6591748961959616,-4.012411873938535,-4.382891612182229,-3.581333692641192,-0.4805354403184081,-0.25547845896557747,1.3327159073623926,1.1338091358254465,0.9000936792695349,-1.6169115750727885,0.9488623065350339,-1.7139239823633803,0.4472520603780401,-0.5811197811609741,-0.5553806660542198,-0.5139102070128911,-0.5648504892360307,7.84902250117941,7.882323546675943,7.632565705451937,7.216302636745261
2024-08-30,0.23707797486458249,-0.3115213505342278,0.09284760980676245,-0.25920732958009485,106.24942861626113,7.472920105351631,125.89955568648816,-4.090608411900025,-4.494357570007842,-3.5512016138457976,-4.04501306301297,-4.296822961202957,-3.6591748961959616,-0.7189420108492981,-0.4805354403184081,1.372497261669782,1.3327159073623926,1.1338091358254465,-2.0147174095009244,-0.4957752023971073,-1.6169115750727885,0.9488623065350339,-0.5933229616992545,-0.5811197811609741,-0.5553806660542198,-0.5139102070128911,7.765769887438074,7.84902250117941,7.882323546675943,7.632565705451937
2024-08-31,0.1208376759413944,-0.32952103762498713,0.23707797486458249,-0.3115213505342278,-3.121232925931583,106.24942861626113,7.472920105351631,-3.9729919673386664,-4.468254782415768,-3.5065056969659625,-4.090608411900025,-4.494357570007842,-3.5512016138457976,-0.6195420896625624,-0.7189420108492981,1.312825230208698,1.372497261669782,1.3327159073623926,-1.7559718529454218,0.33116511769599244,-2.0147174095009244,-0.4957752023971073,-0.5993227780242708,-0.5933229616992545,-0.5811197811609741,-0.5553806660542198,7.84902250117941,7.765769887438074,7.84902250117941,7.882323546675943
2024-09-01,0.0872767714013266,-0.1509067639015119,0.1208376759413944,-0.32952103762498713,-3.1256152022630337,-3.121232925931583,106.24942861626113,-3.9723486921004176,-4.262959885407834,-3.6089547648703033,-3.9729919673386664,-4.468254782415768,-3.5065056969659625,-1.0859820400164466,-0.6195420896625624,1.0194377421917025,1.312825230208698,1.372497261669782,-1.6562112188194025,0.2896031258715565,-1.7559718529454218,0.33116511769599244,-0.6055600668855762,-0.5993227780242708,-0.5933229616992545,-0.5811197811609741,7.665866750948472,7.84902250117941,7.765769887438074,7.84902250117941
2024-09-02,-0.05192625168085546,-0.203626922778479,0.0872767714013266,-0.1509067639015119,-3.1256152022630337,-3.1256152022630337,-3.121232925931583,-4.124804923565316,-4.434391706620645,-3.7068840209553353,-3.9723486921004176,-4.262959885407834,-3.6089547648703033,-1.2816286681690519,-1.0859820400164466,1.1487271436907176,1.0194377421917025,1.312825230208698,-1.8939328400838837,-0.3495916449456408,-1.6562112188194025,0.2896031258715565,-0.6118894369344222,-0.6055600668855762,-0.5993227780242708,-0.5933229616992545,7.299555250486596,7.665866750948472,7.84902250117941,7.765769887438074
2024-09-03,0.06519722894075652,-0.22090938757997688,-0.05192625168085546,-0.203626922778479,60.53571306472818,-3.1256152022630337,-3.1256152022630337,-3.9927019206386007,-4.466843820924305,-3.5275981521227395,-4.124804923565316,-4.434391706620645,-3.7068840209553353,-0.753480020819904,-1.2816286681690519,1.3476339152276635,1.1487271436907176,1.0194377421917025,-1.999602161906073,0.13195419136507236,-1.8939328400838837,-0.3495916449456408,-0.6150541219588451,-0.6118894369344222,-0.6055600668855762,-0.5993227780242708,7.882323546675943,7.299555250486596,7.665866750948472,7.84902250117941
2024-09-04,0.08320054817783673,-0.35301654852262304,0.06519722894075652,-0.22090938757997688,59.70088942358674,60.53571306472818,-3.1256152022630337,-4.252353537805232,-4.2107543102236855,-4.020759841740693,-3.9927019206386007,-4.466843820924305,-3.5275981521227395,-0.6306814819568364,-0.753480020819904,1.3625519230929346,1.3476339152276635,1.1487271436907176,-1.4498193834787945,0.6249654047308032,-1.999602161906073,0.13195419136507236,-0.6061222467674032,-0.6150541219588451,-0.6118894369344222,-0.6055600668855762,7.882323546675943,7.882323546675943,7.299555250486596,7.665866750948472
2024-09-05,-0.5811267843171347,-0.32660523892062,0.08320054817783673,-0.35301654852262304,84.28107736669638,59.70088942358674,60.53571306472818,-4.456014478234712,-4.310932576117592,-4.146310170054837,-4.252353537805232,-4.2107543102236855,-4.020759841740693,0.3982093713825314,-0.6306814819568364,1.312825230208698,1.3625519230929346,1.3476339152276635,-1.8969558896028542,-0.4126512187482338,-1.4498193834787945,0.6249654047308032,-0.6027297819632744,-0.6061222467674032,-0.6150541219588451,-0.6118894369344222,8.065479296906881,7.882323546675943,7.882323546675943,7.299555250486596
2024-09-06,-0.3982014145163285,-0.30874751493358715,-0.5811267843171347,-0.32660523892062,124.8806764394258,84.28107736669638,59.70088942358674,-4.324194516412826,-4.736337465793826,-3.6652013119550393,-4.456014478234712,-4.310932576117592,-4.146310170054837,0.8398656473462446,0.3982093713825314,1.113918458671752,1.312825230208698,1.3625519230929346,-2.0670711307158185,-1.0719103994117107,-1.8969558896028542,-0.4126512187482338,-0.5537862075962793,-0.6027297819632744,-0.6061222467674032,-0.6150541219588451,8.198683478893019,8.065479296906881,7.882323546675943,7.882323546675943
2024-09-07,-0.2880754504283742,-0.43043041484275685,-0.3982014145163285,-0.30874751493358715,-3.108086096937229,124.8806764394258,84.28107736669638,-4.238150020544705,-4.5451521837005275,-3.3026119637837943,-4.324194516412826,-4.736337465793826,-3.6652013119550393,-0.09322053840401005,0.8398656473462446,1.34266124593924,1.113918458671752,1.312825230208698,-2.107332653854832,-0.5903645631009974,-2.0670711307158185,-1.0719103994117107,-0.5759390027672402,-0.5537862075962793,-0.6027297819632744,-0.6061222467674032,8.165382433396484,8.198683478893019,8.065479296906881,7.882323546675943
2024-09-08,-0.45927682581495244,-0.5576169645805994,-0.2880754504283742,-0.43043041484275685,-2.7903710629070186,-3.108086096937229,124.8806764394258,-4.307983980408964,-4.488008243296257,-3.808830887546419,-4.238150020544705,-4.5451521837005275,-3.3026119637837943,-0.3689647016249662,-0.09322053840401005,0.954793041442195,1.34266124593924,1.113918458671752,-1.8375941899576194,4.6980406035255875,-2.107332653854832,-0.5903645631009974,-0.59267839338647,-0.5759390027672402,-0.5537862075962793,-0.6027297819632744,7.89897406942421,8.165382433396484,8.198683478893019,8.065479296906881
2024-09-09,-0.6742976008540477,-0.6657254666409173,-0.45927682581495244,-0.5576169645805994,87.08792535699085,-2.7903710629070186,-3.108086096937229,-4.185092678893967,-4.494357570007842,-3.752584340461684,-4.307983980408964,-4.488008243296257,-3.808830887546419,-0.1896145918287985,-0.3689647016249662,1.0741371043643628,0.954793041442195,1.34266124593924,-1.8549080190208127,-0.3911536367700773,-1.8375941899576194,4.6980406035255875,-0.6004616769227997,-0.59267839338647,-0.5759390027672402,-0.5537862075962793,7.782420410186341,7.89897406942421,8.165382433396484,8.198683478893019
2024-09-10,-0.7132255326383766,-0.6833967869004476,-0.6742976008540477,-0.6657254666409173,87.89426420197788,87.08792535699085,-2.7903710629070186,-4.279731331945088,-4.461905455704183,-3.8771302661493134,-4.185092678893967,-4.494357570007842,-3.752584340461684,-0.16214921188630277,-0.1896145918287985,1.2929345530550034,1.0741371043643628,0.954793041442195,-1.7915613904642085,1.3257865772187165,-1.8549080190208127,-0.3911536367700773,-0.6013243322587067,-0.6004616769227997,-0.59267839338647,-0.5759390027672402,7.882323546675943,7.782420410186341,7.89897406942421,8.165382433396484
2024-09-11,-0.636932221305389,-0.7016643521956306,-0.7132255326383766,-0.6833967869004476,100.20846069335566,87.89426420197788,87.08792535699085,-4.406893981042056,-4.483775358821867,-3.871103850390235,-4.279731331945088,-4.461905455704183,-3.8771302661493134,0.22811261920647496,-0.16214921188630277,1.4321692931308656,1.2929345530550034,1.0741371043643628,-1.8550454303625845,1.043451667238924,-1.7915613904642085,1.3257865772187165,-0.5989786851655663,-0.6013243322587067,-0.6004616769227997,-0.59267839338647,8.231984524389551,7.882323546675943,7.782420410186341,7.89897406942421
2024-09-12,-0.7213779790853564,-0.5453702187211684,-0.636932221305389,-0.7016643521956306,121.49536797337974,100.20846069335566,87.89426420197788,-4.201148828840649,-4.637570161391384,-3.6817739552925066,-4.406893981042056,-4.483775358821867,-3.871103850390235,0.5875790403851884,0.22811261920647496,1.282989214478156,1.4321692931308656,1.2929345530550034,-1.2409541439863012,1.461937929747043,-1.8550454303625845,1.043451667238924,-0.6011401698836255,-0.5989786851655663,-0.6013243322587067,-0.6004616769227997,8.198683478893019,8.231984524389551,7.882323546675943,7.782420410186341
2024-09-13,-0.7845594390494511,-0.5172777352284548,-0.7213779790853564,-0.5453702187211684,117.95010642123576,121.49536797337974,100.20846069335566,-4.2579886288922895,-4.449206802281012,-3.874117058269774,-4.201148828840649,-4.637570161391384,-3.6817739552925066,-0.5177256865495559,0.5875790403851884,1.2730438759013087,1.282989214478156,1.4321692931308656,-1.369983393909624,1.5149652986264965,-1.2409541439863012,1.461937929747043,-0.6002242043865108,-0.6011401698836255,-0.5989786851655663,-0.6013243322587067,8.365188706375688,8.198683478893019,8.231984524389551,7.882323546675943
2024-09-14,-0.7474658077156922,-0.5717002168883701,-0.7845594390494511,-0.5172777352284548,99.0383929128582,117.95010642123576,121.49536797337974,-4.295324323720233,-4.715878524167606,-3.7078884235818483,-4.2579886288922895,-4.449206802281012,-3.874117058269774,-1.3969714762108199,-0.5177256865495559,1.3177978994971216,1.2730438759013087,1.282989214478156,-1.8278379846918518,1.16957081484411,-1.369983393909624,1.5149652986264965,-0.6040043794539686,-0.6002242043865108,-0.6011401698836255,-0.5989786851655663,8.265285569886085,8.365188706375688,8.198683478893019,8.231984524389551
2024-09-15,-0.7696812242837128,-0.7083353836090084,-0.7474658077156922,-0.5717002168883701,17.173088765018804,99.0383929128582,117.95010642123576,-4.5152987241916955,-4.6213441042395536,-3.717430248533723,-4.295324323720233,-4.715878524167606,-3.7078884235818483,-1.134842125793976,-1.3969714762108199,1.2630985373244616,1.3177978994971216,1.2730438759013087,-1.9156438320837619,1.0119218803376262,-1.8278379846918518,1.16957081484411,-0.6049203449510834,-0.6040043794539686,-0.6002242043865108,-0.6011401698836255,7.882323546675943,8.265285569886085,8.365188706375688,8.198683478893019
2024-09-16,-0.9755304970699552,-0.9399981830406806,-0.7696812242837128,-0.7083353836090084,72.67023622651647,17.173088765018804,99.0383929128582,-4.428405105009086,-4.6791935253895565,-3.894707312113294,-4.5152987241916955,-4.6213441042395536,-3.717430248533723,-0.23196196412211,-1.134842125793976,1.1238637972485992,1.2630985373244616,1.3177978994971216,-2.091255526867581,-0.22347249734045369,-1.9156438320837619,1.0119218803376262,-0.6068201252413954,-0.6049203449510834,-0.6040043794539686,-0.6002242043865108,7.266254204990062,7.882323546675943,8.265285569886085,8.365188706375688
2024-09-17,-0.9997160881959962,-0.9455631367067627,-0.9755304970699552,-0.9399981830406806,61.53487206829905,72.67023622651647,17.173088765018804,-4.464989006862937,-4.442151994823694,-3.8384607650285574,-4.428405105009086,-4.6791935253895565,-3.894707312113294,0.38023310339441757,-0.23196196412211,1.1338091358254465,1.1238637972485992,1.2630985373244616,-1.5062954449468295,1.661148856077963,-2.091255526867581,-0.22347249734045369,-0.6030011791476048,-0.6068201252413954,-0.6049203449510834,-0.6040043794539686,6.916593227276453,7.266254204990062,7.882323546675943,8.265285569886085
2024-09-18,-1.2767633932858635,-0.9577040682298141,-0.9997160881959962,-0.9455631367067627,117.08679798393987,61.53487206829905,72.67023622651647,-4.4426086222696135,-4.7179949664048015,-4.054407329728884,-4.464989006862937,-4.442151994823694,-3.8384607650285574,0.36501285482486584,0.38023310339441757,1.312825230208698,1.1338091358254465,1.1238637972485992,-0.9530773829752665,1.1796030197672498,-1.5062954449468295,1.661148856077963,-0.6043097012863401,-0.6030011791476048,-0.6068201252413954,-0.6049203449510834,7.432759432472732,6.916593227276453,7.266254204990062,7.882323546675943
2024-09-19,-1.3373244240348576,-1.0260194215946752,-1.2767633932858635,-0.9577040682298141,115.24405078656463,117.08679798393987,61.53487206829905,-4.459951322692793,-4.907769287006638,-3.835447557149018,-4.4426086222696135,-4.7179949664048015,-4.054407329728884,-1.3710090301492979,0.36501285482486584,1.5266500096109152,1.312825230208698,1.1338091358254465,-2.0100454238806975,0.4357866833230225,-0.9530773829752665,1.1796030197672498,-0.605613377046784,-0.6043097012863401,-0.6030011791476048,-0.6068201252413954,7.89897406942421,7.432759432472732,6.916593227276453,7.266254204990062
2024-09-20,-1.214125429751568,-1.1164858983829677,-1.3373244240348576,-1.0260194215946752,112.81407856077496,115.24405078656463,117.08679798393987,-4.319279893592608,-4.67637160240663,-3.6426022528584934,-4.459951322692793,-4.907769287006638,-3.835447557149018,-0.9929474858550106,-1.3710090301492979,1.541568017476186,1.5266500096109152,1.312825230208698,-1.9282856755267284,0.34119732261913244,-2.0100454238806975,0.4357866833230225,-0.6136002084713614,-0.605613377046784,-0.6043097012863401,-0.6030011791476048,7.882323546675943,7.89897406942421,7.432759432472732,6.916593227276453
2024-09-21,-1.316438632661165,-1.3602058256876164,-1.214125429751568,-1.1164858983829677,76.54635964168503,112.81407856077496,115.24405078656463,-4.529939668614232,-4.813940347824317,-3.866584038570926,-4.319279893592608,-4.67637160240663,-3.6426022528584934,-1.1088796797324545,-0.9929474858550106,1.4073059466887474,1.541568017476186,1.5266500096109152,-1.3927936766436726,2.11116490548738,-1.9282856755267284,0.34119732261913244,-0.6192753174508397,-0.6136002084713614,-0.605613377046784,-0.6043097012863401,7.89897406942421,7.882323546675943,7.89897406942421,7.432759432472732
2024-09-22,-1.4298935123816368,-1.2882657724880553,-1.316438632661165,-1.3602058256876164,71.75214933507746,76.54635964168503,112.81407856077496,-4.577619229273211,-4.370192958759057,-4.216618353910757,-4.529939668614232,-4.813940347824317,-3.866584038570926,-0.4040331588476803,-1.1088796797324545,1.34266124593924,1.4073059466887474,1.541568017476186,-2.5610649043839184,-1.1980295470168976,-1.3927936766436726,2.11116490548738,-0.6217033529749376,-0.6192753174508397,-0.6136002084713614,-0.605613377046784,6.2006207491009695,7.89897406942421,7.882323546675943,7.89897406942421
2024-09-23,-1.188173475228682,-1.197106640176504,-1.4298935123816368,-1.2882657724880553,103.28262753986864,71.75214933507746,76.54635964168503,-4.54805429932331,-4.846392462127977,-4.068468966500068,-4.577619229273211,-4.370192958759057,-4.216618353910757,1.0369268015044726,-0.4040331588476803,1.014465072903279,1.34266124593924,1.4073059466887474,-1.546831790769386,0.18498156024452592,-2.5610649043839184,-1.1980295470168976,-0.6085163576434598,-0.6217033529749376,-0.6192753174508397,-0.6136002084713614,7.432759432472732,6.2006207491009695,7.89897406942421,7.882323546675943
2024-09-24,-1.1578056122136824,-1.3175595503265938,-1.188173475228682,-1.197106640176504,107.06453201391103,103.28262753986864,71.75214933507746,-4.256496230339552,-4.520460357599917,-3.7465579247026044,-4.54805429932331,-4.846392462127977,-4.068468966500068,0.36744343076025077,1.0369268015044726,1.586322041071999,1.014465072903279,1.34266124593924,-2.0093583671718402,-0.4327156285945138,-1.546831790769386,0.18498156024452592,-0.6054922175894936,-0.6085163576434598,-0.6217033529749376,-0.6192753174508397,4.985132588477474,7.432759432472732,6.2006207491009695,7.89897406942421
2024-09-25,-1.051076500811969,-1.2238367437080728,-1.1578056122136824,-1.3175595503265938,109.25128790330514,107.06453201391103,103.28262753986864,-4.106767485884827,-4.650974295560287,-3.3076339769163607,-4.256496230339552,-4.520460357599917,-3.7465579247026044,-0.5900433285869848,0.36744343076025077,1.5017866631687968,1.586322041071999,1.014465072903279,-2.394110124131696,-1.030348407587274,-2.0093583671718402,-0.4327156285945138,-0.6152964408734257,-0.6054922175894936,-0.6085163576434598,-0.6217033529749376,8.548344456606625,4.985132588477474,7.432759432472732,6.2006207491009695
2024-09-26,-1.0031808779359626,-1.165672608418634,-1.051076500811969,-1.2238367437080728,90.1555187890067,109.25128790330514,107.06453201391103,-4.071335885762099,-4.359610747573082,-3.4859154431224435,-4.106767485884827,-4.650974295560287,-3.3076339769163607,-0.6638049659218203,-0.5900433285869848,1.5813493717835754,1.5017866631687968,1.586322041071999,-2.0147174095009244,0.3841924865754466,-2.394110124131696,-1.030348407587274,-0.6204190627276603,-0.6152964408734257,-0.6054922175894936,-0.6085163576434598,8.348538183627422,8.548344456606625,4.985132588477474,7.432759432472732
2024-09-27,-1.0164965404660296,-1.2377923340352819,-1.0031808779359626,-1.165672608418634,104.04295248337544,90.1555187890067,109.25128790330514,-4.070332376390431,-4.315870941337715,-3.526593749496226,-4.071335885762099,-4.359610747573082,-3.4859154431224435,-0.9361601605876403,-0.6638049659218203,1.5067593324572206,1.5813493717835754,1.5017866631687968,-2.2770356609424827,-0.3381262678906237,-2.0147174095009244,0.3841924865754466,-0.6244706349794483,-0.6204190627276603,-0.6152964408734257,-0.6054922175894936,8.365188706375688,8.348538183627422,8.548344456606625,4.985132588477474
2024-09-28,-0.8675785187011967,-1.1044840417889308,-1.0164965404660296,-1.2377923340352819,104.49213580734921,104.04295248337544,90.1555187890067,-4.046453999546647,-4.5056452619395495,-3.4186204671460625,-4.070332376390431,-4.315870941337715,-3.526593749496226,-1.1248520358792706,-0.9361601605876403,0.35310005754293294,1.5067593324572206,1.5813493717835754,-2.2345755563351273,-0.26503448916489075,-2.2770356609424827,-0.3381262678906237,-0.6276498591387462,-0.6244706349794483,-0.6204190627276603,-0.6152964408734257,7.715818319193272,8.365188706375688,8.348538183627422,8.548344456606625
2024-09-29,-0.7588112956877393,-1.0417659770242977,-0.8675785187011967,-1.1044840417889308,84.73902524333303,104.49213580734921,104.04295248337544,-4.014804857824821,-4.369487478013325,-3.4492547472547135,-4.046453999546647,-4.5056452619395495,-3.4186204671460625,-0.8302180566249023,-1.1248520358792706,0.27353734892815446,0.35310005754293294,1.5067593324572206,-2.0874080092979828,-0.3811214318469373,-2.2345755563351273,-0.26503448916489075,-0.6289050711162738,-0.6276498591387462,-0.6244706349794483,-0.6204190627276603,5.134987293211878,7.715818319193272,8.365188706375688,8.348538183627422
2024-09-30,-0.7351012639377726,-0.7970289929702931,-0.7588112956877393,-1.0417659770242977,102.58146332683648,84.73902524333303,104.49213580734921,-4.11402363057227,-4.34267920967552,-3.655157285689908,-4.014804857824821,-4.369487478013325,-3.4492547472547135,-0.7993931774190542,-0.8302180566249023,-0.1740028870299744,0.27353734892815446,0.35310005754293294,-1.384961230162704,1.7242084298805578,-2.0874080092979828,-0.3811214318469373,-0.6290116914386894,-0.6289050711162738,-0.6276498591387462,-0.6244706349794483,2.4376026079926123,5.134987293211878,7.715818319193272,8.365188706375688
2024-10-01,-0.7846273761031761,-0.7138047945923196,-0.7351012639377726,-0.7970289929702931,101.62831822474585,102.58146332683648,84.73902524333303,-4.29239098863382,-4.727871696845045,-3.6059415569907642,-4.11402363057227,-4.34267920967552,-3.655157285689908,-1.0239197115197776,-0.7993931774190542,-0.29831961924056577,-0.1740028870299744,0.27353734892815446,-1.844464757046188,0.561905830928209,-1.384961230162704,1.7242084298805578,-0.6295884104553913,-0.6290116914386894,-0.6289050711162738,-0.6276498591387462,2.0046890165376685,2.4376026079926123,5.134987293211878,7.715818319193272
2024-10-02,-0.8296696427227401,-0.6608030619727845,-0.7846273761031761,-0.7138047945923196,102.19582300966877,101.62831822474585,102.58146332683648,-4.3888050813425075,-4.840043135416391,-3.7324962879314203,-4.29239098863382,-4.727871696845045,-3.6059415569907642,-1.442088961931808,-1.0239197115197776,-0.5071717293543593,-0.29831961924056577,-0.1740028870299744,-1.7415436620594271,0.49884625712561664,-1.844464757046188,0.561905830928209,-0.6284979753397785,-0.6295884104553913,-0.6290116914386894,-0.6289050711162738,0.5294527010412063,2.0046890165376685,2.4376026079926123,5.134987293211878
2024-10-03,-0.8978493287823042,-0.6739605611188304,-0.8296696427227401,-0.6608030619727845,95.04833031307192,102.19582300966877,101.62831822474585,-4.46517471762737,-4.933166593852979,-3.799289062594544,-4.3888050813425075,-4.840043135416391,-3.7324962879314203,-1.4188671600061786,-1.442088961931808,-0.5071717293543593,-0.5071717293543593,-0.29831961924056577,-1.888848620438343,0.017300420814902316,-1.7415436620594271,0.49884625712561664,-0.626714508128465,-0.6284979753397785,-0.6295884104553913,-0.6290116914386894,-0.121582738416036,0.5294527010412063,2.0046890165376685,2.4376026079926123
2024-10-04,-0.980965461367942,-0.6433619571877781,-0.8978493287823042,-0.6739605611188304,99.80310013269643,95.04833031307192,102.19582300966877,-4.339067039921132,-4.85556371182249,-3.598910738605172,-4.46517471762737,-4.933166593852979,-3.799289062594544,-1.2408431683402814,-1.4188671600061786,-0.5071717293543593,-0.5071717293543593,-0.5071717293543593,-1.8402050054512753,0.17494935532138647,-1.888848620438343,0.017300420814902316,-0.6295302539158919,-0.626714508128465,-0.6284979753397785,-0.6295884104553913,0.25305402341997296,-0.121582738416036,0.5294527010412063,2.0046890165376685
2024-10-05,-1.0611311847632448,-0.5756469336098657,-0.980965461367942,-0.6433619571877781,97.83326692170914,99.80310013269643,95.04833031307192,-4.322084573631371,-4.5317480495316245,-3.9409098329328986,-4.339067039921132,-4.85556371182249,-3.598910738605172,-1.4436508343963492,-1.2408431683402814,-0.8701765874092859,-0.5071717293543593,-0.5071717293543593,-0.8111314669254341,2.11116490548738,-1.8402050054512753,0.17494935532138647,-0.6326464751573988,-0.6295302539158919,-0.626714508128465,-0.6284979753397785,1.7549311753136627,0.25305402341997296,-0.121582738416036,0.5294527010412063
2024-10-06,-1.0614708700318694,-0.555521547244478,-1.0611311847632448,-0.5756469336098657,93.51891587339546,97.83326692170914,99.80310013269643,-4.429228497314044,-4.915529575209686,-3.7621261654135587,-4.322084573631371,-4.5317480495316245,-3.9409098329328986,-1.631075530141276,-1.4436508343963492,-0.29831961924056577,-0.8701765874092859,-0.5071717293543593,-1.9210028744128453,0.2795709209484165,-0.8111314669254341,2.11116490548738,-0.6342554727502141,-0.6326464751573988,-0.6295302539158919,-0.626714508128465,2.587457312727016,1.7549311753136627,0.25305402341997296,-0.121582738416036
2024-10-07,-1.045098040084185,-0.5706825079705308,-1.0614708700318694,-0.555521547244478,95.65746672314361,93.51891587339546,97.83326692170914,-4.605897608746617,-4.898598037312126,-4.019253237800924,-4.429228497314044,-4.915529575209686,-3.7621261654135587,-1.0867482416028256,-1.631075530141276,-0.7906138787945075,-0.29831961924056577,-0.8701765874092859,-1.9612643975518587,-0.1819105055160172,-1.9210028744128453,0.2795709209484165,-0.6368676706493934,-0.6342554727502141,-0.6326464751573988,-0.6295302539158919,1.3886196748517872,2.587457312727016,1.7549311753136627,0.25305402341997296
2024-10-08,-1.0974095714523056,-0.632831881817923,-1.045098040084185,-0.5706825079705308,91.35188022749287,95.65746672314361,93.51891587339546,-4.65630465641577,-5.070029858524936,-4.00067178921043,-4.605897608746617,-4.898598037312126,-4.019253237800924,-1.1001567693644514,-1.0867482416028256,-0.29831961924056577,-0.7906138787945075,-0.29831961924056577,-1.7853778800844962,1.2526947984929828,-1.9612643975518587,-0.1819105055160172,-0.6358644703430295,-0.6368676706493934,-0.6342554727502141,-0.6326464751573988,2.2211458122651404,1.3886196748517872,2.587457312727016,1.7549311753136627
2024-10-09,-1.1646672546398895,-0.7049832501477017,-1.0974095714523056,-0.632831881817923,74.14048993571834,91.35188022749287,95.65746672314361,-4.648096464375719,-4.931755632361517,-3.994645373451351,-4.65630465641577,-5.070029858524936,-4.00067178921043,-0.783627106314725,-1.1001567693644514,-0.7955865480829312,-0.29831961924056577,-0.7906138787945075,-2.1359142129432787,0.7611167572591303,-1.7853778800844962,1.2526947984929828,-0.6362618733629418,-0.6358644703430295,-0.6368676706493934,-0.6342554727502141,0.06656816863938188,2.2211458122651404,1.3886196748517872,2.587457312727016
2024-10-10,-1.2199000793181787,-0.7751836251061085,-1.1646672546398895,-0.7049832501477017,73.80086352003089,74.14048993571834,91.35188022749287,-4.515941999429944,-4.905652844769443,-3.8846632858481622,-4.648096464375719,-4.931755632361517,-3.994645373451351,-0.24274772491497817,-0.783627106314725,-0.43755435931642805,-0.7955865480829312,-0.29831961924056577,-2.1190126179053994,0.581970240774489,-2.1359142129432787,0.7611167572591303,-0.6352925977046192,-0.6362618733629418,-0.6358644703430295,-0.6368676706493934,2.1212426757755383,0.06656816863938188,2.2211458122651404,1.3886196748517872
2024-10-11,-1.1504004733576747,-0.7501675896610329,-1.2199000793181787,-0.7751836251061085,61.52610751563615,73.80086352003089,74.14048993571834,-4.475930279610886,-4.658029103017604,-3.901738130498886,-4.515941999429944,-4.905652844769443,-3.8846632858481622,-0.5968507349890415,-0.24274772491497817,-0.7906138787945075,-0.43755435931642805,-0.7955865480829312,-2.0654221946145626,0.5934356178295067,-2.1190126179053994,0.581970240774489,-0.6352925977046192,-0.6352925977046192,-0.6362618733629418,-0.6358644703430295,0.2547190756947997,2.1212426757755383,0.06656816863938188,2.2211458122651404
2024-10-12,-1.2133781221605946,-0.8048925144549745,-1.1504004733576747,-0.7501675896610329,78.527148543501,61.52610751563615,73.80086352003089,-4.424210950455706,-4.8456869813822445,-3.901738130498886,-4.475930279610886,-4.658029103017604,-3.901738130498886,-1.0302850785450772,-0.5968507349890415,-0.04968615481938306,-0.7906138787945075,-0.43755435931642805,-2.003449679475671,1.2627270034161229,-2.0654221946145626,0.5934356178295067,-0.6359129341259456,-0.6352925977046192,-0.6352925977046192,-0.6362618733629418,2.9704193359371587,0.2547190756947997,2.1212426757755383,0.06656816863938188
2024-10-13,-1.229886826215729,-0.8245801766220536,-1.2133781221605946,-0.8048925144549745,86.68913821082879,78.527148543501,61.52610751563615,-4.482054259879012,-4.773022464571877,-3.8721082530167483,-4.424210950455706,-4.8456869813822445,-3.901738130498886,-1.0448134393944872,-1.0302850785450772,-0.18394822560682172,-0.04968615481938306,-0.7906138787945075,-2.0094957785136116,-0.024261571009534744,-2.003449679475671,1.2627270034161229,-0.6370518330244745,-0.6359129341259456,-0.6352925977046192,-0.6352925977046192,0.25138897114514636,2.9704193359371587,0.2547190756947997,2.1212426757755383
2024-10-14,-1.2173184712766347,-0.8155468216500052,-1.229886826215729,-0.8245801766220536,80.36551346454476,86.68913821082879,78.527148543501,-4.54777125821848,-4.931755632361517,-3.94794065131849,-4.482054259879012,-4.773022464571877,-3.8721082530167483,-0.861868076000697,-1.0448134393944872,-0.5469530836617484,-0.18394822560682172,-0.04968615481938306,-1.7893628089958664,0.581970240774489,-2.0094957785136116,-0.024261571009534744,-0.6371536069685985,-0.6370518330244745,-0.6359129341259456,-0.6352925977046192,2.6207583582235503,0.25138897114514636,2.9704193359371587,0.2547190756947997
2024-10-15,-1.2224816873597226,-0.8709460949262975,-1.2173184712766347,-0.8155468216500052,87.12079242947672,80.36551346454476,86.68913821082879,-4.580938529502575,-4.905652844769443,-3.9509538591980293,-4.54777125821848,-4.931755632361517,-3.94794065131849,-0.4918516483633851,-0.861868076000697,-0.38285499714376786,-0.5469530836617484,-0.18394822560682172,-2.2238574716769595,0.0688946175624788,-1.7893628089958664,0.581970240774489,-0.6383555087849183,-0.6371536069685985,-0.6370518330244745,-0.6359129341259456,2.8871667221958233,2.6207583582235503,0.25138897114514636,2.9704193359371587
